datadate,초기온도(℃),최대온도(℃),최저온도(℃),평균온도(℃),강수량(ml),습도(%)
20130101,-0.9,6.8,-4.4,1.0,0.0, 
20130102,2.7,8.7,-1.1,4.3,0.0, 
20130103,-1.5,5.6,-5.7,-1.0,0.0, 
20130104,-1.8,8.2,-3.5,1.3,0.0, 
20130105,-2.8,8.5,-4.8,1.1,0.0, 
20130106,2.3,9.8,-2.4,5.0,0.0, 
20130107,-1.7,9.7,-3.9,1.7,0.0, 
20130108,0.9,11.0,-1.6,6.9,0.0, 
20130109,4.2,4.7,-3.0,2.5,0.0, 
20130110,-4.1,1.7,-8.0,-4.8,0.0, 
20130111,-7.4,-1.0,-12.2,-6.6,0.0, 
20130112,-2.5,1.7,-8.5,-4.3,0.0, 
20130113,-8.2,-1.0,-10.6,-6.5,0.0, 
20130114,-9.3,-4.4,-12.6,-8.6,0.0, 
20130115,-11.4,-1.0,-14.7,-8.9,0.0, 
20130116,-9.7,3.3,-13.8,-7.0,0.0, 
20130117,-7.6,3.5,-12.1,-5.6,0.0, 
20130118,-5.7,3.3,-8.4,-3.9,0.0, 
20130119,-6.5,3.6,-9.2,-3.8,0.0, 
20130120,-4.3,-1.0,-9.1,-4.1,0.0, 
20130121,-9.6,-2.4,-13.5,-8.6,0.0, 
20130122,-3.4,-3.1,-11.8,-7.4,0.0, 
20130123,-12.8,-2.7,-16.5,-10.5,0.0, 
20130124,-12.3,-1.2,-16.6,-9.8,0.0, 
20130125,-11.5,1.3,-15.4,-9.4,0.0, 
20130126,-10.2,3.8,-13.1,-5.6,0.0, 
20130127,4.4,6.1,-7.6,-1.7,2.9, 
20130128,-8.2,3.2,-11.5,-5.4,3.0, 
20130129,-1.7,5.4,-3.1,-0.3,2.2, 
20130130,-1.3,1.9,-10.6,-5.0,3.0, 
20130131,-11.2,-1.0,-14.9,-8.8,0.0, 
20130201,-8.9,1.3,-10.5,-6.5,0.0, 
20130202,-8.7,3.4,-13.3,-6.5,0.0, 
20130203,-4.8,5.7,-8.5,-2.6,0.0, 
20130204,-4.0,3.0,-7.1,-2.0,0.0, 
20130205,-0.3,3.7,-2.7,1.9,1.0, 
20130206,-1.6,3.7,-5.7,-1.0,1.0, 
20130207,-3.7,4.0,-8.6,-2.4,0.0, 
20130208,-1.8,4.1,-7.0,-1.7,0.0, 
20130209,-2.0,-1.0,-8.3,-3.6,0.0, 
20130210,-6.2,-1.0,-8.6,-5.0,0.0, 
20130211,-8.2,2.9,-11.7,-5.7,0.0, 
20130212,-5.7,5.6,-10.3,-3.0,0.0, 
20130213,-4.5,6.8,-9.2,-1.7,0.0, 
20130214,-2.8,7.2,-8.1,-0.6,0.0, 
20130215,-2.4,8.3,-6.8,0.8,0.0, 
20130216,-0.2,9.4,-4.6,3.3,0.0, 
20130217,8.8,11.1,-2.5,3.7,3.4, 
20130218,-3.4,3.7,-8.8,-2.4,3.5, 
20130219,-3.5,5.9,-6.5,0.4,1.9, 
20130220,4.4,5.7,-4.6,0.0,3.3, 
20130221,-4.8,6.2,-9.7,-2.7,0.0, 
20130222,-0.7,3.2,-2.5,1.8,1.0, 
20130223,-0.3,3.0,-2.5,-0.5,1.0, 
20130224,,,,,,
20130225,,,,,,
20130226,,,,,,
20130227,,,,,,
20130228,9.5,10.0,1.0,6.5,0.0, 
20130301,1.3,8.4,1.0,4.1,0.0, 
20130302,1.0,5.6,-3.6,1.8,0.0, 
20130303,-4.2,7.2,-7.1,-0.4,0.0, 
20130304,-1.0,9.8,-1.4,5.4,0.0, 
20130305,-1.1,7.9,-4.3,2.1,0.0, 
20130306,2.1,3.5,-5.1,-0.9,0.0, 
20130307,-4.9,2.4,-7.5,-3.7,0.0, 
20130308,-5.8,4.1,-9.5,-4.4,1.0, 
20130309,-4.1,9.0,-7.9,-0.1,1.0, 
20130310,-2.7,10.0,-6.8,1.2,0.0, 
20130311,-1.8,13.7,-5.4,3.3,0.0, 
20130312,1.4,10.5,1.0,5.6,0.0, 
20130313,4.3,10.7,-3.9,4.4,0.0, 
20130314,-0.3,9.9,-4.5,3.4,0.0, 
20130315,-1.2,11.2,-5.3,3.0,0.0, 
20130316,-1.0,12.0,-5.2,3.2,0.0, 
20130317,-0.2,14.5,-4.4,4.9,0.0, 
20130318,3.2,14.5,1.2,6.7,0.0, 
20130319,1.8,16.6,-2.9,7.6,0.0, 
20130320,2.8,12.8,-1.9,7.4,0.0, 
20130321,4.6,11.0,-1.0,6.0,0.0, 
20130322,0.8,13.1,-4.3,4.7,0.0, 
20130323,3.3,13.7,-1.3,7.1,0.0, 
20130324,1.5,12.3,-2.7,5.8,0.0, 
20130325,2.4,9.6,1.0,4.6,0.0, 
20130326,2.1,11.4,1.0,5.1,0.0, 
20130327,2.1,7.9,1.0,3.8,1.0, 
20130328,0.1,11.3,-2.9,4.2,1.0, 
20130329,2.1,13.9,-1.6,7.6,0.0, 
20130330,2.8,16.6,-2.0,8.7,0.0, 
20130331,6.6,8.1,2.7,6.0,3.1, 
20130401,2.7,13.4,2.1,6.8,3.5, 
20130402,2.8,16.7,-2.2,8.3,0.0, 
20130403,3.8,18.2,-1.6,10.0,0.0, 
20130404,6.1,19.5,1.0,10.3,0.0, 
20130405,9.5,12.6,6.4,9.0,8.2, 
20130406,9.6,12.3,8.5,10.0,7.4, 
20130407,9.8,21.7,8.7,13.1,7.5, 
20130408,10.6,18.3,7.6,12.2,0.0, 
20130409,11.3,18.2,6.8,12.9,0.0, 
20130410,10.8,21.4,4.9,12.8,0.0, 
20130411,10.6,20.5,8.5,13.5,0.0, 
20130412,11.7,14.9,2.4,9.8,0.0, 
20130413,4.5,16.7,1.0,10.1,0.0, 
20130414,9.5,16.7,7.5,11.0,5.3, 
20130415,10.3,21.0,9.7,14.8,6.0, 
20130416,10.6,21.8,7.5,14.6,0.0, 
20130417,14.0,18.5,6.8,12.6,10.6, 
20130418,7.8,14.2,5.8,9.4,10.3, 
20130419,5.8,18.2,3.0,10.3,12.0, 
20130420,8.8,18.0,7.7,11.4,0.0, 
20130421,7.6,18.7,3.1,10.8,0.0, 
20130422,8.6,21.1,4.1,12.1,0.0, 
20130423,8.3,19.3,2.8,11.4,0.0, 
20130424,6.6,18.6,1.7,11.0,0.0, 
20130425,10.6,18.8,9.2,13.7,0.0, 
20130426,11.5,18.8,5.3,12.7,0.0, 
20130427,8.3,18.5,2.0,10.7,0.0, 
20130428,7.1,19.6,3.7,11.4,0.0, 
20130429,7.7,21.5,4.5,13.1,0.0, 
20130430,9.5,24.5,6.0,15.2,0.0, 
20130501,13.2,26.2,8.6,17.3,0.0, 
20130502,13.0,26.0,8.8,17.3,0.0, 
20130503,13.7,28.3,8.4,18.2,0.0, 
20130504,13.9,26.5,9.2,17.8,0.0, 
20130505,15.4,24.6,14.7,18.5,0.0, 
20130506,13.4,17.2,5.4,12.5,0.0, 
20130507,7.8,22.9,4.4,13.4,0.0, 
20130508,10.1,21.6,5.4,14.2,0.0, 
20130509,13.9,18.1,11.5,14.0,4.5, 
20130510,12.1,20.2,10.6,14.3,1.2, 
20130511,11.8,22.8,8.7,15.6,1.0, 
20130512,14.8,19.8,12.5,16.1,0.0, 
20130513,12.6,19.7,10.9,14.9,13.8, 
20130514,11.8,19.5,8.0,14.2,14.5, 
20130515,10.0,17.0,7.3,12.6,0.0, 
20130516,10.1,20.2,7.3,14.0,0.0, 
20130517,11.4,25.1,8.4,16.5,0.0, 
20130518,12.4,24.9,8.6,16.9,0.0, 
20130519,12.8,21.5,9.2,13.1,0.0, 
20130520,12.5,27.8,9.9,18.4,0.0, 
20130521,14.8,25.9,11.1,18.3,0.0, 
20130522,14.9,26.0,11.8,19.0,0.0, 
20130523,15.0,22.1,12.6,16.5,6.2, 
20130524,15.3,26.0,14.1,19.0,8.0, 
20130525,14.4,22.3,10.0,16.2,0.0, 
20130526,10.3,21.5,5.7,14.1,0.0, 
20130527,12.8,24.8,8.6,16.7,0.0, 
20130528,12.4,24.9,8.7,17.1,0.0, 
20130529,16.7,26.8,16.1,20.6,0.0, 
20130530,17.2,27.4,15.1,20.2,0.0, 
20130531,15.1,25.4,13.4,18.5,0.0, 
20130601,16.4,26.3,14.6,20.3,0.0, 
20130602,17.2,24.3,10.5,17.7,0.0, 
20130603,15.7,25.9,11.2,18.2,0.0, 
20130604,14.1,26.7,8.8,18.3,0.0, 
20130605,18.0,27.8,10.9,20.4,0.0, 
20130606,18.5,22.2,13.1,17.9,3.9, 
20130607,13.1,18.0,12.8,15.3,8.6, 
20130608,16.0,24.2,12.4,17.7,11.0, 
20130609,14.0,24.2,12.8,17.8,1.2, 
20130610,17.1,25.8,13.6,19.7,1.5, 
20130611,12.0,27.6,8.3,18.5,0.0, 
20130612,15.1,26.5,11.1,19.2,0.0, 
20130613,16.9,24.6,14.1,18.3,0.0, 
20130614,14.2,26.0,13.0,18.7,0.0, 
20130615,16.3,28.7,13.4,20.5,0.0, 
20130616,19.0,30.5,15.3,22.5,0.0, 
20130617,19.3,27.7,15.7,21.5,0.0, 
20130618,17.7,29.6,13.8,21.4,0.0, 
20130619,18.0,27.6,13.9,20.8,0.0, 
20130620,17.2,29.9,13.4,22.0,0.0, 
20130621,21.8,29.3,17.8,23.3,0.0, 
20130622,17.3,27.9,16.1,21.6,0.0, 
20130623,18.8,31.0,15.9,23.2,0.0, 
20130624,20.3,26.4,18.6,21.8,0.0, 
20130625,19.3,25.8,17.4,20.3,14.9, 
20130626,17.7,27.6,16.2,21.2,16.5, 
20130627,18.4,29.3,16.5,21.5,25.9, 
20130628,18.6,28.1,18.4,22.6,27.0, 
20130629,20.1,29.5,17.8,23.0,0.0, 
20130630,19.1,28.9,18.3,22.6,0.0, 
20130701,20.1,27.8,18.7,22.8,0.0, 
20130702,22.1,24.2,19.3,21.7,21.1, 
20130703,19.0,26.7,18.4,22.0,45.7, 
20130704,22.2,30.2,20.4,24.6,11.7, 
20130705,21.4,30.6,20.4,24.6,10.0, 
20130706,21.5,32.3,19.5,25.3,0.0, 
20130707,23.6,26.8,21.6,23.8,9.2, 
20130708,22.5,25.5,19.9,23.1,48.6, 
20130709,23.1,28.5,21.5,23.7,8.8, 
20130710,22.1,23.5,20.6,22.0,23.7, 
20130711,20.7,29.3,20.3,24.2,40.0, 
20130712,24.4,30.9,22.2,25.7,0.0, 
20130713,22.0,30.0,20.0,24.7,0.0, 
20130714,22.8,31.2,22.3,26.0,0.0, 
20130715,24.4,26.3,20.3,23.2,40.0, 
20130716,23.1,28.0,21.0,24.4,46.0, 
20130717,24.0,28.3,22.2,24.7,0.0, 
20130718,21.7,29.5,21.3,24.7,0.0, 
20130719,23.1,32.1,21.9,25.5,0.0, 
20130720,24.2,33.2,22.9,26.8,0.0, 
20130721,25.1,29.4,24.4,26.4,1.4, 
20130722,25.4,25.5,21.3,23.4,33.7, 
20130723,21.7,27.4,21.5,24.4,33.1, 
20130724,23.6,26.7,22.3,24.1,4.8, 
20130725,22.9,32.2,21.2,25.6,3.5, 
20130726,22.2,31.2,19.9,25.0,0.0, 
20130727,22.7,27.3,20.8,23.7,0.0, 
20130728,22.0,25.0,20.5,22.4,6.5, 
20130729,22.3,28.4,20.8,24.1,7.0, 
20130730,22.1,28.5,21.4,24.0,0.0, 
20130731,22.3,25.8,21.0,23.1,0.0, 
20130801,22.7,32.5,21.4,26.0,0.0, 
20130802,24.2,32.6,22.5,26.9,0.0, 
20130803,24.6,33.3,22.7,26.9,0.0, 
20130804,23.6,32.5,21.2,25.7,0.0, 
20130805,24.2,33.1,21.7,26.9,0.0, 
20130806,24.9,30.9,23.2,26.4,0.0, 
20130807,23.2,31.3,21.2,25.3,0.0, 
20130808,22.8,29.3,21.9,24.8,0.0, 
20130809,21.5,32.5,19.8,25.0,0.0, 
20130810,23.7,26.8,21.1,23.5,2.6, 
20130811,21.4,30.1,20.0,24.1,19.5, 
20130812,21.3,30.2,18.8,24.0,21.5, 
20130813,21.0,28.7,19.1,23.5,0.0, 
20130814,21.6,26.7,19.3,22.4,1.9, 
20130815,21.2,23.0,17.2,19.8,42.5, 
20130816,18.4,24.7,17.4,20.9,4.7, 
20130817,20.9,26.7,17.6,21.3,14.7, 
20130818,20.2,28.6,19.0,22.5,6.3, 
20130819,20.0,27.5,18.2,22.3,5.5, 
20130820,22.0,22.4,19.1,20.6,36.6, 
20130821,21.6,26.0,20.5,22.8,11.8, 
20130822,22.1,28.4,20.1,23.2,1.9, 
20130823,21.8,26.9,19.7,22.7,21.0, 
20130824,24.3,27.5,19.7,24.0,41.9, 
20130825,19.3,28.3,16.9,21.5,69.0, 
20130826,17.1,26.5,12.8,19.4,0.0, 
20130827,15.4,22.8,12.6,17.7,0.0, 
20130828,17.5,20.9,14.6,17.0,6.8, 
20130829,15.7,21.6,10.8,16.2,8.5, 
20130830,11.7,20.5,10.4,14.9,0.0, 
20130831,14.7,24.9,12.2,17.5,0.0, 
20130901,24.8,25.7,15.1,19.6,0.0, 
20130902,15.2,26.9,12.7,18.8,0.0, 
20130903,13.8,27.6,13.5,21.2,0.0, 
20130904,16.9,27.3,14.7,20.2,0.0, 
20130905,16.4,22.8,14.7,18.3,0.0, 
20130906,16.5,20.4,15.0,17.1,1.7, 
20130907,15.2,24.3,15.2,19.1,2.0, 
20130908,19.1,27.4,17.3,20.9,0.0, 
20130909,19.2,26.5,16.6,20.7,0.0, 
20130910,16.9,24.4,15.0,19.5,0.0, 
20130911,18.6,23.7,15.1,18.5,11.1, 
20130912,15.1,25.2,12.1,17.8,12.0, 
20130913,12.2,24.6,9.7,16.2,0.0, 
20130914,12.3,25.9,8.8,16.4,0.0, 
20130915,13.0,25.3,10.3,18.0,0.0, 
20130916,12.9,24.4,9.8,17.2,0.0, 
20130917,14.6,25.5,14.2,18.9,0.0, 
20130918,14.0,24.4,11.0,17.5,0.0, 
20130919,18.3,23.2,15.0,18.9,3.0, 
20130920,14.8,22.4,8.4,15.0,3.0, 
20130921,11.1,23.3,8.3,14.9,0.0, 
20130922,11.6,23.2,9.2,15.6,0.0, 
20130923,12.5,24.3,11.9,17.3,0.0, 
20130924,13.2,24.9,10.7,17.2,0.0, 
20130925,14.6,26.4,11.5,17.8,0.0, 
20130926,14.7,27.5,12.5,19.4,0.0, 
20130927,19.0,24.3,15.7,19.3,0.0, 
20130928,15.7,21.6,8.0,16.0,0.0, 
20130929,8.4,18.8,3.2,11.3,0.0, 
20130930,10.4,21.7,10.4,15.7,0.0, 
20131001,13.4,19.0,11.4,14.4,0.0, 
20131002,13.3,24.9,11.1,17.4,0.0, 
20131003,13.4,20.1,7.9,13.4,0.0, 
20131004,8.0,18.7,4.6,11.3,0.0, 
20131005,7.8,19.8,5.8,12.6,0.0, 
20131006,12.3,19.7,10.4,14.5,0.0, 
20131007,13.6,24.3,12.7,17.6,0.0, 
20131008,16.9,23.9,15.2,18.7,0.0, 
20131009,15.5,21.9,15.1,17.9,0.0, 
20131010,15.5,21.5,12.5,16.7,1.7, 
20131011,12.9,15.6,8.6,12.0,6.9, 
20131012,8.6,11.5,3.3,8.2,8.0, 
20131013,3.4,16.4,-1.3,9.2,0.0, 
20131014,5.4,16.9,1.0,8.7,0.0, 
20131015,7.0,19.2,1.7,10.3,0.0, 
20131016,9.5,18.9,7.4,11.8,0.0, 
20131017,7.3,19.6,1.4,10.3,0.0, 
20131018,8.2,17.8,7.7,12.4,0.0, 
20131019,9.8,19.9,5.6,11.9,0.0, 
20131020,7.9,20.2,4.3,11.2,0.0, 
20131021,7.4,21.3,3.9,11.3,0.0, 
20131022,7.4,18.2,3.5,11.0,0.0, 
20131023,8.0,16.4,1.8,8.6,0.0, 
20131024,3.9,17.2,1.5,8.6,0.0, 
20131025,4.9,17.6,1.4,8.8,0.0, 
20131026,6.6,14.8,5.2,10.0,0.0, 
20131027,9.8,20.5,6.1,11.9,0.0, 
20131028,6.4,21.4,2.9,11.0,0.0, 
20131029,6.9,15.2,1.0,7.6,0.0, 
20131030,0.2,10.9,-5.7,2.5,0.0, 
20131031,-1.4,13.4,-5.6,4.1,0.0, 
20131101,4.4,17.3,4.2,10.3,0.0, 
20131102,10.6,16.0,9.7,12.6,0.0, 
20131103,12.7,14.5,1.5,10.1,13.7, 
20131104,2.3,10.4,-2.4,4.9,14.0, 
20131105,-2.1,12.3,-4.3,2.8,0.0, 
20131106,1.2,13.9,1.0,6.9,0.0, 
20131107,3.9,15.6,3.6,9.7,0.0, 
20131108,11.0,14.9,1.1,10.5,0.0, 
20131109,0.8,13.3,-3.8,4.6,0.0, 
20131110,0.8,13.4,1.0,6.0,7.4, 
20131111,2.6,8.2,-4.0,2.5,8.0, 
20131112,-3.1,8.7,-6.1,0.5,0.0, 
20131113,-2.0,8.5,-3.9,3.4,1.4, 
20131114,7.1,7.5,-3.9,3.4,1.5, 
20131115,-2.9,3.2,-6.3,-1.4,0.0, 
20131116,-6.0,3.5,-10.5,-4.6,0.0, 
20131117,-6.2,2.4,-9.7,-3.5,0.0, 
20131118,-0.2,-1.0,-9.9,-4.6,0.0, 
20131119,-9.5,-1.0,-13.6,-7.7,0.0, 
20131120,-6.7,-1.4,-11.7,-7.1,0.0, 
20131121,-10.8,3.8,-13.8,-6.2,0.0, 
20131122,-5.1,5.9,-6.5,-0.2,0.0, 
20131123,-6.1,2.3,-9.7,-5.4,0.0, 
20131124,-4.2,-1.0,-10.5,-6.0,0.0, 
20131125,-8.5,1.8,-10.4,-5.7,7.9, 
20131126,-2.8,4.5,-6.0,-1.3,9.0, 
20131127,-6.1,5.3,-9.6,-3.5,0.0, 
20131128,-4.2,6.9,-5.7,0.9,0.0, 
20131129,2.4,3.2,-4.8,0.2,0.0, 
20131130,-3.9,-1.0,-10.5,-5.5,0.0, 
20131201,-10.3,-1.1,-14.2,-7.9,0.0, 
20131202,-9.5,3.2,-13.1,-5.6,0.0, 
20131203,-2.4,5.2,-4.3,0.9,0.0, 
20131204,-1.4,1.2,-10.3,-4.4,0.0, 
20131205,-9.8,-2.3,-14.7,-8.5,0.0, 
20131206,-7.5,2.0,-12.5,-5.7,0.0, 
20131207,-1.7,2.0,-8.2,-3.3,0.0, 
20131208,-8.0,-2.3,-13.1,-7.8,0.0, 
20131209,-10.1,2.0,-12.5,-6.2,0.0, 
20131210,-6.2,2.7,-8.0,-3.5,3.4, 
20131211,-6.1,-6.0,-17.0,-10.6,4.0, 
20131212,-17.0,-8.7,-20.7,-14.7,0.0, 
20131213,-16.6,-7.2,-19.8,-13.4,0.0, 
20131214,-15.2,-2.7,-18.5,-11.4,0.0, 
20131215,-11.2,-1.0,-15.3,-7.5,0.0, 
20131216,-3.6,-3.3,-12.7,-7.1,0.0, 
20131217,-12.9,-4.2,-16.8,-10.8,0.0, 
20131218,-12.7,-1.0,-12.7,-6.0,0.0, 
20131219,-6.5,-3.5,-13.5,-8.7,0.0, 
20131220,-13.1,-1.1,-15.8,-7.6,1.0, 
20131221,-4.6,-1.0,-14.0,-6.5,1.0, 
20131222,-5.9,5.0,-6.1,0.2,0.0, 
20131223,4.2,7.3,1.0,3.7,0.0, 
20131224,0.5,2.2,-2.4,-0.3,5.2, 
20131225,-1.4,-1.0,-8.0,-4.6,6.0, 
20131226,-7.3,-2.3,-11.5,-7.2,0.0, 
20131227,-11.5,-3.1,-15.9,-10.2,0.0, 
20131228,-11.4,-1.0,-13.2,-6.1,0.0, 
20131229,-2.8,2.4,-4.9,-1.6,0.0, 
20131230,-6.4,2.8,-6.5,-2.8,0.0, 
20131231,-1.8,-1.0,-9.7,-4.3,0.0, 
20140101,-9.0,-1.0,-13.1,-8.1,0.0, 
20140102,-9.7,-1.0,-12.7,-7.2,0.0, 
20140103,-8.3,-3.1,-14.8,-8.7,0.0, 
20140104,-10.3,-1.8,-15.8,-8.7,0.0, 
20140105,-9.9,-1.2,-12.2,-7.5,0.0, 
20140106,-10.0,-1.0,-14.7,-8.7,0.0, 
20140107,-11.1,-1.0,-14.2,-7.5,0.0, 
20140108,-4.5,-1.3,-7.3,-4.4,0.0, 
20140109,-4.4,-3.8,-10.1,-7.3,0.0, 
20140110,-8.7,-6.8,-16.4,-11.5,0.0, 
20140111,-15.8,-9.1,-20.5,-15.1,0.0, 
20140112,-17.9,-9.3,-23.8,-15.9,0.0, 
20140113,-14.0,-2.4,-14.4,-9.2,0.0, 
20140114,-10.2,2.5,-11.9,-5.0,0.0, 
20140115,0.6,4.7,-3.9,1.1,0.0, 
20140116,-3.2,2.2,-6.0,-2.3,0.0, 
20140117,-2.4,5.9,-5.4,-0.3,0.0, 
20140118,-1.2,1.6,-5.8,-3.4,0.0, 
20140119,-5.6,3.2,-8.6,-4.5,0.0, 
20140120,-6.8,3.9,-7.2,-2.9,0.0, 
20140121,-6.8,1.6,-11.6,-6.5,0.0, 
20140122,-5.1,1.2,-8.4,-4.7,4.3, 
20140123,-8.3,-8.2,-19.4,-14.6,5.0, 
20140124,-18.7,-13.5,-24.1,-18.2,0.0, 
20140125,-22.3,-11.1,-25.4,-17.5,0.0, 
20140126,-15.6,-12.8,-26.0,-17.7,0.0, 
20140127,-20.1,-5.0,-25.0,-15.1,0.0, 
20140128,-12.1,-2.9,-13.8,-9.2,0.0, 
20140129,-13.7,-6.4,-19.1,-12.6,0.0, 
20140130,-15.3,-1.7,-21.0,-10.2,0.0, 
20140131,-2.7,-1.6,-10.8,-5.9,0.0, 
20140201,-11.0,-1.0,-17.5,-9.5,0.0, 
20140202,-12.5,1.4,-16.0,-9.2,0.0, 
20140203,-7.4,-5.0,-11.2,-7.9,0.0, 
20140204,-15.2,-7.1,-20.4,-13.2,0.0, 
20140205,-15.8,-6.7,-21.0,-13.4,0.0, 
20140206,-15.5,-7.4,-22.2,-13.6,0.0, 
20140207,-15.8,-3.8,-21.8,-13.1,0.0, 
20140208,-13.7,-1.0,-17.9,-10.0,0.0, 
20140209,-10.7,4.0,-14.2,-4.9,0.0, 
20140210,-2.6,1.6,-11.1,-3.7,0.0, 
20140211,-10.5,-2.7,-16.3,-9.7,0.0, 
20140212,-9.5,-3.4,-16.1,-9.2,0.0, 
20140213,-11.2,2.0,-16.5,-7.2,0.0, 
20140214,1.2,7.2,-3.2,2.6,0.0, 
20140215,-2.0,1.8,-9.8,-4.2,0.0, 
20140216,-8.0,2.5,-13.0,-6.5,0.0, 
20140217,-7.3,-1.0,-13.0,-6.5,0.0, 
20140218,-5.3,2.8,-9.0,-3.9,0.0, 
20140219,-5.5,5.5,-6.1,-1.3,0.0, 
20140220,-5.7,3.6,-9.4,-3.1,0.0, 
20140221,-3.7,2.3,-12.3,-5.4,0.0, 
20140222,-7.1,3.9,-10.1,-2.6,0.0, 
20140223,-0.1,4.9,-4.1,1.1,3.9, 
20140224,2.7,3.6,-6.6,-0.7,4.0, 
20140225,-6.0,5.8,-8.3,-2.4,0.0, 
20140226,-5.4,8.6,-9.3,-1.6,0.0, 
20140227,-2.7,3.3,-5.4,-0.7,0.0, 
20140228,0.7,5.9,-2.2,2.3,6.6, 
20140301,-0.6,1.5,-6.4,-2.8,2.0, 
20140302,-6.2,2.0,-11.0,-5.5,2.0, 
20140303,-4.4,13.0,-4.8,4.1,0.0, 
20140304,7.2,7.7,3.3,5.6,2.6, 
20140305,4.1,4.7,-3.8,2.1,5.9, 
20140306,-3.8,8.4,-6.5,0.4,6.5, 
20140307,-2.1,8.7,-4.0,2.4,0.0, 
20140308,2.4,7.8,1.0,3.0,2.3, 
20140309,1.5,8.7,-2.6,3.4,2.5, 
20140310,-1.7,7.1,-4.7,1.0,0.0, 
20140311,1.8,10.2,-1.4,4.8,0.0, 
20140312,-1.0,12.6,-2.9,5.1,0.0, 
20140313,0.3,14.7,-2.7,8.3,0.0, 
20140314,10.9,18.0,9.2,13.3,0.0, 
20140315,12.4,12.8,3.9,9.9,5.7, 
20140316,4.5,8.6,-2.9,4.3,6.5, 
20140317,-2.4,10.8,-4.3,3.1,0.0, 
20140318,2.1,9.1,1.0,4.5,1.0, 
20140319,3.7,11.8,3.0,7.2,1.0, 
20140320,4.5,5.7,1.0,3.4,0.0, 
20140321,0.2,4.0,1.0,2.8,0.0, 
20140322,0.8,11.8,-3.9,3.7,0.0, 
20140323,-0.3,10.7,-4.2,3.2,0.0, 
20140324,1.5,12.3,1.0,6.3,0.0, 
20140325,5.3,14.6,3.8,7.9,0.0, 
20140326,3.9,15.0,2.2,7.3,0.0, 
20140327,4.8,17.6,1.7,9.1,0.0, 
20140328,7.1,15.8,3.6,10.0,0.0, 
20140329,11.4,20.0,7.1,12.8,0.0, 
20140330,7.4,19.7,3.1,11.2,0.0, 
20140331,8.2,17.5,4.5,10.8,0.0, 
20140401,9.2,18.7,7.7,12.9,0.0, 
20140402,14.1,20.6,13.9,16.2,0.0, 
20140403,15.1,18.1,12.5,15.4,2.0, 
20140404,12.9,13.3,4.5,8.5,10.4, 
20140405,4.8,6.9,3.1,4.9,6.1, 
20140406,3.4,7.5,1.5,3.9,4.8, 
20140407,1.6,7.8,-2.0,3.9,5.0, 
20140408,-1.5,5.4,-4.7,-0.6,2.1, 
20140409,-0.4,11.9,-3.3,3.9,3.0, 
20140410,2.9,19.7,1.0,12.3,8.0, 
20140411,11.5,15.6,3.9,10.3,9.0, 
20140412,3.9,18.2,1.0,8.8,0.0, 
20140413,4.7,18.3,1.3,10.0,0.0, 
20140414,9.8,9.9,4.9,7.1,9.0, 
20140415,6.3,11.4,2.8,6.9,10.5, 
20140416,3.5,16.5,-1.5,9.5,0.0, 
20140417,4.5,18.7,1.0,9.9,0.0, 
20140418,5.4,16.5,1.0,9.2,0.0, 
20140419,6.0,18.7,1.6,10.2,0.0, 
20140420,7.9,24.4,4.6,14.2,0.0, 
20140421,11.6,22.8,5.9,14.2,0.0, 
20140422,9.0,18.5,7.3,11.6,4.2, 
20140423,8.0,9.3,5.3,7.7,41.8, 
20140424,8.8,12.9,6.2,10.1,1.2, 
20140425,6.1,22.4,1.0,12.0,1.0, 
20140426,9.3,20.0,4.6,11.9,0.0, 
20140427,8.0,21.0,4.5,12.6,0.0, 
20140428,10.1,20.1,5.4,12.3,0.0, 
20140429,7.5,20.0,4.1,12.1,0.0, 
20140430,10.3,22.1,7.3,14.2,0.0, 
20140501,12.4,21.4,12.2,16.9,0.0, 
20140502,15.7,16.1,5.2,10.4,11.7, 
20140503,5.3,13.7,4.1,8.3,20.5, 
20140504,5.5,19.8,3.9,11.5,0.0, 
20140505,9.5,21.0,6.5,14.1,0.0, 
20140506,14.4,19.5,10.4,14.3,18.2, 
20140507,10.4,25.0,9.1,15.8,22.0, 
20140508,13.4,18.1,8.3,13.7,0.0, 
20140509,8.5,19.7,4.2,11.8,0.0, 
20140510,9.0,19.2,5.3,12.0,0.0, 
20140511,10.8,19.1,10.0,13.4,0.0, 
20140512,12.5,12.6,8.5,10.5,11.6, 
20140513,11.4,20.0,10.7,14.2,18.0, 
20140514,10.7,20.5,10.2,14.5,0.0, 
20140515,14.8,27.0,10.3,19.0,0.0, 
20140516,20.0,21.3,16.8,18.9,50.6, 
20140517,17.2,20.2,12.5,17.0,49.8, 
20140518,12.7,17.5,9.2,12.9,9.5, 
20140519,10.0,23.0,6.0,14.4,10.0, 
20140520,9.8,22.0,6.3,13.7,0.0, 
20140521,11.0,19.3,4.3,11.4,0.0, 
20140522,11.6,19.8,9.3,14.2,4.1, 
20140523,12.8,21.0,9.6,14.7,8.2, 
20140524,10.1,20.9,6.1,14.0,8.5, 
20140525,11.9,23.4,8.3,15.8,0.0, 
20140526,12.3,27.6,9.4,17.8,0.0, 
20140527,16.2,22.7,12.1,17.3,0.0, 
20140528,12.2,27.1,10.1,17.8,0.0, 
20140529,15.9,24.0,14.6,18.6,0.0, 
20140530,17.0,23.0,13.9,18.4,0.0, 
20140531,13.9,26.5,10.4,18.3,0.0, 
20140601,16.0,29.9,13.0,20.8,0.0, 
20140602,16.9,28.9,12.8,20.4,0.0, 
20140603,15.2,28.5,11.5,19.7,0.0, 
20140604,16.4,25.1,13.0,19.0,0.0, 
20140605,17.1,26.9,12.9,19.9,0.0, 
20140606,16.1,26.6,13.0,19.5,0.0, 
20140607,16.5,26.2,14.2,19.0,0.0, 
20140608,16.5,25.5,16.0,19.4,0.0, 
20140609,16.9,26.5,14.6,20.1,0.0, 
20140610,15.8,21.2,14.0,17.4,1.0, 
20140611,17.2,21.7,13.8,18.0,1.0, 
20140612,14.0,25.5,11.0,18.0,1.0, 
20140613,16.5,23.6,13.9,18.6,1.0, 
20140614,15.8,21.3,14.3,17.2,30.8, 
20140615,16.9,23.7,13.5,18.5,35.0, 
20140616,14.4,25.2,10.3,17.8,0.0, 
20140617,15.8,24.7,13.7,19.0,0.0, 
20140618,17.2,29.1,14.3,21.0,0.0, 
20140619,16.7,25.2,13.6,19.1,0.0, 
20140620,17.7,27.0,16.1,20.4,0.0, 
20140621,18.2,26.9,16.8,21.0,0.0, 
20140622,16.9,29.9,13.4,21.3,0.0, 
20140623,17.8,27.0,15.1,20.1,0.0, 
20140624,17.6,28.6,15.8,21.3,0.0, 
20140625,18.6,30.1,16.2,22.6,0.0, 
20140626,21.3,22.0,17.1,19.6,40.9, 
20140627,18.6,22.2,17.3,19.6,1.7, 
20140628,19.4,26.9,16.1,20.0,20.4, 
20140629,17.7,27.5,17.0,21.5,22.5, 
20140630,19.4,27.7,16.6,22.0,0.0, 
20140701,20.4,20.8,18.9,19.7,24.6, 
20140702,19.7,23.9,17.6,20.1,18.1, 
20140703,20.7,30.5,19.5,23.1,4.1, 
20140704,20.2,31.8,18.8,24.5,4.0, 
20140705,22.9,24.8,19.3,21.5,2.0, 
20140706,21.0,25.5,17.5,21.0,2.0, 
20140707,17.7,24.0,15.3,19.3,0.0, 
20140708,15.9,25.8,12.5,18.7,0.0, 
20140709,18.0,19.2,16.0,17.4,8.7, 
20140710,16.5,24.8,15.9,19.9,19.2, 
20140711,21.5,25.7,21.3,22.8,27.8, 
20140712,22.0,26.4,21.4,23.3,1.2, 
20140713,22.2,27.0,21.0,23.6,1.0, 
20140714,21.4,29.0,20.5,24.1,0.0, 
20140715,21.3,30.6,20.8,24.5,0.0, 
20140716,21.7,30.7,19.2,24.5,0.0, 
20140717,21.3,29.6,19.1,23.9,0.0, 
20140718,21.0,30.1,18.6,23.9,0.0, 
20140719,21.3,31.6,19.8,24.3,0.0, 
20140720,22.2,32.1,19.9,24.8,0.0, 
20140721,22.0,33.6,19.3,26.0,0.0, 
20140722,22.7,34.5,19.8,26.7,0.0, 
20140723,24.1,32.5,23.3,27.1,0.0, 
20140724,24.6,34.4,22.2,27.9,0.0, 
20140725,25.2,30.4,23.6,26.8,0.0, 
20140726,23.6,32.6,22.9,26.5,0.0, 
20140727,24.9,33.7,23.3,27.7,0.0, 
20140728,25.8,35.2,23.1,27.0,9.7, 
20140729,23.6,33.2,22.5,27.3,10.0, 
20140730,24.5,34.3,21.8,27.7,0.0, 
20140731,24.9,34.5,22.6,27.6,0.0, 
20140801,24.2,35.6,21.3,28.5,0.0, 
20140802,27.2,35.4,24.2,29.4,0.0, 
20140803,27.1,35.3,24.8,28.9,0.0, 
20140804,25.4,32.3,23.4,27.2,0.0, 
20140805,25.2,33.6,23.5,26.5,1.0, 
20140806,23.8,34.2,23.7,27.8,1.0, 
20140807,25.1,33.7,23.4,27.4,0.0, 
20140808,25.6,32.8,22.5,26.7,19.6, 
20140809,22.5,30.2,22.3,24.8,21.0, 
20140810,24.0,32.8,22.5,26.9,0.0, 
20140811,23.9,33.4,20.1,26.6,0.0, 
20140812,23.8,33.2,22.1,26.8,0.0, 
20140813,24.4,33.0,21.8,26.5,17.4, 
20140814,24.1,33.1,22.2,27.0,18.0, 
20140815,24.5,35.2,22.2,27.4,0.0, 
20140816,24.1,31.4,20.6,26.3,0.0, 
20140817,20.7,30.0,14.2,22.3,0.0, 
20140818,18.8,28.4,14.4,21.0,0.0, 
20140819,19.4,29.4,17.4,22.7,0.0, 
20140820,21.2,29.9,19.5,24.8,0.0, 
20140821,26.2,27.7,19.8,22.8,13.7, 
20140822,20.2,32.7,16.8,24.2,15.5, 
20140823,24.0,28.3,21.0,24.0,1.4, 
20140824,21.0,23.6,18.7,21.1,8.4, 
20140825,20.0,26.9,18.9,22.2,14.5, 
20140826,19.8,27.9,16.2,21.2,0.0, 
20140827,18.5,28.5,18.0,22.2,0.0, 
20140828,20.2,27.9,18.5,21.4,20.0, 
20140829,18.8,22.8,18.4,19.8,224.4, 
20140830,20.7,26.5,20.3,22.6,2.5, 
20140831,21.1,27.8,18.3,22.3,1.0, 
20140901,18.3,29.2,16.0,22.0,1.0, 
20140902,17.3,27.0,13.8,20.3,0.0, 
20140903,20.2,20.7,17.9,19.1,15.0, 
20140904,18.1,25.8,15.7,19.9,25.0, 
20140905,15.7,26.7,13.7,19.6,0.0, 
20140906,14.9,25.4,12.3,19.0,0.0, 
20140907,18.3,24.1,12.4,18.7,0.0, 
20140908,12.4,24.7,9.8,16.4,0.0, 
20140909,12.6,25.8,9.7,17.3,0.0, 
20140910,15.2,25.8,11.7,18.1,0.0, 
20140911,15.1,24.1,10.6,17.5,0.0, 
20140912,15.0,25.7,11.7,18.1,0.0, 
20140913,15.7,26.1,14.0,18.7,0.0, 
20140914,16.6,25.2,14.4,19.6,0.0, 
20140915,19.2,25.7,17.8,20.9,0.0, 
20140916,19.4,22.2,17.7,19.8,0.0, 
20140917,19.1,25.8,14.2,19.2,0.0, 
20140918,14.8,25.9,12.6,17.7,0.0, 
20140919,15.4,24.9,12.7,17.3,1.4, 
20140920,14.5,20.2,13.9,16.4,4.7, 
20140921,16.8,20.6,14.8,17.2,14.0, 
20140922,16.9,23.3,11.3,17.7,16.5, 
20140923,11.4,21.3,9.4,14.1,0.0, 
20140924,11.2,19.6,7.1,12.8,0.0, 
20140925,7.9,21.6,5.5,12.9,0.0, 
20140926,10.7,21.8,8.6,14.3,0.0, 
20140927,10.6,22.7,6.8,13.8,0.0, 
20140928,9.7,20.2,7.3,12.8,0.0, 
20140929,11.1,23.6,8.2,15.2,0.0, 
20140930,11.9,19.2,8.6,13.2,0.0, 
20141001,9.4,16.1,4.6,10.4,0.0, 
20141002,7.4,18.6,4.2,10.8,0.0, 
20141003,8.0,21.1,4.8,12.0,0.0, 
20141004,8.9,23.1,6.0,14.7,0.0, 
20141005,15.2,17.4,12.8,14.4,9.8, 
20141006,12.8,20.4,12.7,15.8,16.1, 
20141007,13.0,20.3,5.2,12.4,21.0, 
20141008,5.6,18.1,3.5,9.5,0.0, 
20141009,6.5,16.4,3.3,10.3,0.0, 
20141010,11.9,13.6,2.0,9.5,6.3, 
20141011,2.0,13.0,-1.2,6.7,6.5, 
20141012,2.0,14.5,-1.7,7.5,0.0, 
20141013,3.7,16.7,1.0,8.1,0.0, 
20141014,3.9,17.6,1.0,8.8,0.0, 
20141015,7.4,18.9,4.7,10.0,0.0, 
20141016,5.5,17.8,3.2,9.0,0.0, 
20141017,5.1,15.6,1.7,7.9,0.0, 
20141018,4.5,16.0,2.4,8.3,0.0, 
20141019,6.1,17.7,1.1,8.6,0.0, 
20141020,4.0,18.2,1.0,8.5,0.0, 
20141021,4.3,18.1,1.0,8.9,0.0, 
20141022,4.9,17.5,2.8,8.8,0.0, 
20141023,4.0,14.6,2.5,7.2,5.8, 
20141024,5.1,16.1,1.5,7.9,6.0, 
20141025,3.9,19.0,1.0,9.1,0.0, 
20141026,6.4,12.0,6.0,8.6,9.5, 
20141027,5.8,9.0,1.0,5.3,13.5, 
20141028,0.8,8.5,-1.1,4.7,5.9, 
20141029,0.1,9.6,-2.7,4.6,8.0, 
20141030,-1.7,9.7,-5.2,2.2,0.0, 
20141031,3.6,11.0,-3.6,3.8,0.0, 
20141101,-1.1,13.5,-4.0,3.8,0.0, 
20141102,0.8,16.0,-3.5,6.4,0.0, 
20141103,1.1,16.9,-2.8,8.2,0.0, 
20141104,2.9,17.2,-2.1,8.4,0.0, 
20141105,3.8,16.9,1.1,7.6,0.0, 
20141106,4.4,15.6,2.2,8.2,0.0, 
20141107,8.1,11.5,7.0,9.0,1.9, 
20141108,9.0,12.0,7.6,9.3,12.0, 
20141109,9.4,14.1,7.6,10.0,2.5, 
20141110,7.8,14.4,1.5,7.4,2.5, 
20141111,1.7,7.9,-2.2,4.4,0.0, 
20141112,0.8,12.4,-3.5,3.8,0.0, 
20141113,0.3,13.3,-2.3,6.5,0.0, 
20141114,1.3,13.7,-1.9,7.0,0.0, 
20141115,0.9,13.3,-3.3,5.5,0.0, 
20141116,0.9,10.0,-1.6,4.8,0.0, 
20141117,-1.8,7.0,-6.0,0.4,0.0, 
20141118,-1.6,7.6,-5.0,0.9,0.0, 
20141119,-1.2,8.9,-4.0,1.3,0.0, 
20141120,-3.3,8.5,-6.9,1.1,1.0, 
20141121,2.5,4.8,-3.4,2.4,1.0, 
20141122,-2.4,4.8,-8.1,-2.3,0.0, 
20141123,-5.8,3.2,-9.4,-3.9,0.0, 
20141124,-2.9,1.6,-3.5,-1.4,4.2, 
20141125,0.5,5.6,-3.2,0.4,4.5, 
20141126,-2.1,9.8,-4.1,1.3,0.0, 
20141127,-1.3,10.0,-3.0,4.5,0.0, 
20141128,-2.0,7.3,-5.6,-0.8,0.0, 
20141129,-3.9,3.8,-5.8,-2.3,0.0, 
20141130,-5.6,4.7,-8.5,-3.1,0.0, 
20141201,-4.7,8.1,-5.9,-0.6,0.0, 
20141202,-4.1,8.9,-5.9,0.8,0.0, 
20141203,2.3,7.5,1.7,5.1,3.1, 
20141204,7.2,7.5,-3.7,5.0,2.9, 
20141205,,,,,,
20141206,-3.8,5.1,-4.5,-0.5,0.0, 
20141207,-4.4,-4.2,-13.1,-9.6,0.0, 
20141208,-12.7,-7.1,-16.1,-11.7,0.0, 
20141209,-13.0,-4.2,-17.9,-11.6,0.0, 
20141210,-12.4,2.1,-15.2,-9.1,0.0, 
20141211,-8.4,2.2,-9.0,-4.9,0.0, 
20141212,-4.3,-1.0,-12.0,-7.2,0.0, 
20141213,-10.4,-1.0,-11.9,-6.3,0.0, 
20141214,-11.3,-2.1,-15.7,-9.9,0.0, 
20141215,-12.5,-1.0,-15.6,-8.9,0.0, 
20141216,-7.3,-1.0,-8.6,-4.5,0.0, 
20141217,-1.5,2.8,-8.7,-3.7,0.0, 
20141218,-8.6,4.3,-12.0,-5.1,0.0, 
20141219,-5.3,5.9,-8.0,-3.0,0.0, 
20141220,-6.3,6.6,-9.8,-3.7,0.0, 
20141221,-6.1,8.1,-7.8,-0.1,0.0, 
20141222,2.9,8.5,-5.1,1.9,0.0, 
20141223,-1.7,5.3,-7.0,-0.6,0.0, 
20141224,-7.0,-1.0,-12.9,-7.9,0.0, 
20141225,-10.0,3.1,-11.1,-4.8,0.0, 
20141226,-1.7,-1.0,-10.1,-4.4,0.0, 
20141227,-9.9,-9.2,-15.8,-12.4,0.0, 
20141228,-15.5,-8.1,-19.4,-14.7,0.0, 
20141229,-16.0,-4.6,-17.0,-11.6,0.0, 
20141230,-14.3,-3.6,-18.8,-12.4,0.0, 
20141231,-14.8,-2.4,-18.2,-11.6,0.0, 
20150101,-13.0,-2.8,-16.7,-10.5,0.0, 
20150102,-13.2,-1.8,-18.1,-10.8,0.0, 
20150103,-12.9,-1.0,-16.5,-9.9,0.0, 
20150104,-11.8,1.2,-14.8,-9.8,0.0, 
20150105,-5.2,-1.0,-13.0,-7.2,0.0, 
20150106,-12.1,-1.0,-14.1,-8.9,0.0, 
20150107,-11.1,-1.0,-15.3,-9.0,0.0, 
20150108,-9.8,-1.6,-15.6,-8.5,0.0, 
20150109,-12.3,-2.7,-17.8,-11.0,0.0, 
20150110,-11.3,-1.0,-11.7,-6.8,0.0, 
20150111,-4.7,3.8,-8.7,-3.6,0.0, 
20150112,-4.8,4.7,-8.0,-2.5,0.0, 
20150113,-7.7,5.1,-11.5,-4.9,0.0, 
20150114,-6.8,2.3,-10.1,-5.1,0.0, 
20150115,-2.3,1.1,-11.8,-5.0,0.0, 
20150116,-11.5,-2.8,-17.0,-10.0,0.0, 
20150117,-6.0,2.2,-10.7,-5.7,0.0, 
20150118,-10.0,3.5,-13.9,-6.5,0.0, 
20150119,-7.0,1.6,-8.3,-4.8,0.0, 
20150120,-3.8,-1.1,-10.6,-4.7,0.0, 
20150121,-10.6,1.7,-15.0,-8.9,0.0, 
20150122,-8.9,4.1,-13.2,-5.3,0.0, 
20150123,-7.0,4.4,-10.4,-3.9,0.0, 
20150124,-8.1,3.5,-13.6,-6.5,0.0, 
20150125,-9.0,-1.0,-13.8,-8.1,0.0, 
20150126,-10.9,-1.0,-15.3,-8.9,0.0, 
20150127,-10.4,1.7,-15.4,-8.9,0.0, 
20150128,-2.3,1.5,-9.4,-2.8,0.0, 
20150129,-9.2,3.9,-13.9,-6.5,0.0, 
20150130,-7.7,4.2,-11.1,-4.1,0.0, 
20150131,-5.2,-1.7,-11.8,-5.0,0.0, 
20150201,-11.9,-1.0,-16.9,-9.0,0.0, 
20150202,-6.6,3.7,-11.5,-4.4,0.0, 
20150203,-0.6,2.7,-2.1,0.6,11.1, 
20150204,-0.1,1.2,-8.3,-4.7,15.0, 
20150205,-7.5,6.1,-9.5,-2.6,0.0, 
20150206,-5.9,6.6,-7.9,-0.1,0.0, 
20150207,2.3,2.4,-10.7,-4.0,0.0, 
20150208,-10.2,-4.0,-13.4,-9.4,0.0, 
20150209,-9.6,-4.0,-13.6,-8.9,0.0, 
20150210,-12.2,-3.2,-15.6,-9.0,0.0, 
20150211,-6.3,-1.0,-13.5,-6.8,0.0, 
20150212,-8.8,-1.0,-11.6,-7.2,0.0, 
20150213,-7.6,-1.0,-12.9,-7.4,0.0, 
20150214,-10.0,2.5,-13.4,-6.6,0.0, 
20150215,-6.2,-1.3,-9.2,-5.0,2.4, 
20150216,-9.3,-1.3,-13.1,-7.3,3.0, 
20150217,-9.5,2.2,-14.7,-7.6,0.0, 
20150218,-8.5,3.2,-12.9,-5.4,0.0, 
20150219,-1.8,1.1,-4.1,-2.1,2.8, 
20150220,-0.3,2.5,-5.1,-1.4,3.5, 
20150221,-5.1,5.9,-8.3,-2.5,0.0, 
20150222,-4.9,8.0,-8.9,-1.2,0.0, 
20150223,-3.4,11.7,-7.0,1.1,0.0, 
20150224,-3.5,9.6,-7.8,0.6,0.0, 
20150225,-2.4,8.3,-5.3,-0.3,0.0, 
20150226,-4.4,9.4,-8.6,-0.3,0.0, 
20150227,-0.5,10.8,-3.3,4.1,0.0, 
20150228,-0.5,10.2,-5.4,2.0,0.0, 
20150301,-1.8,10.9,-6.2,1.8,0.0, 
20150302,-1.7,12.0,-6.0,2.4,0.0, 
20150303,-1.6,13.0,-6.3,3.2,0.0, 
20150304,1.7,14.5,-3.3,6.0,0.0, 
20150305,1.3,10.4,-3.1,3.9,0.0, 
20150306,1.4,9.6,-3.4,3.4,0.0, 
20150307,1.7,10.3,-4.0,3.8,0.0, 
20150308,-1.7,10.2,-6.3,1.5,0.0, 
20150309,-2.4,10.3,-6.8,1.3,0.0, 
20150310,-0.4,11.7,-1.5,5.8,0.0, 
20150311,-0.4,9.1,-5.1,1.8,0.0, 
20150312,-0.6,5.9,-5.2,0.5,0.0, 
20150313,-5.0,5.8,-8.2,-1.4,0.0, 
20150314,-4.7,4.7,-9.2,-2.0,0.0, 
20150315,-0.3,6.3,-5.8,-0.4,0.0, 
20150316,-3.6,5.4,-5.9,-0.7,0.0, 
20150317,-2.4,9.8,-6.2,1.3,0.0, 
20150318,-2.2,11.3,-6.3,2.1,0.0, 
20150319,-0.5,13.4,-4.7,4.6,0.0, 
20150320,2.3,12.8,1.0,6.5,5.8, 
20150321,5.6,9.4,1.0,5.2,4.2, 
20150322,-0.7,5.7,-5.1,0.5,4.5, 
20150323,-2.6,6.1,-6.9,-1.5,0.0, 
20150324,-4.2,6.7,-7.5,-0.3,0.0, 
20150325,-0.1,7.4,1.0,4.4,0.0, 
20150326,5.2,14.6,2.1,7.8,0.0, 
20150327,2.1,11.3,1.0,7.5,0.0, 
20150328,6.6,12.0,1.6,7.1,0.0, 
20150329,4.9,12.8,1.0,6.5,0.0, 
20150330,5.3,6.4,1.0,2.9,1.6, 
20150331,0.5,6.5,-3.4,2.5,3.0, 
20150401,-3.3,7.7,-7.3,0.8,0.0, 
20150402,-2.2,10.3,-6.7,2.1,0.0, 
20150403,-0.7,11.7,-5.3,3.3,0.0, 
20150404,-0.2,12.5,-4.4,4.6,0.0, 
20150405,4.2,15.2,2.1,8.3,0.0, 
20150406,2.8,10.8,1.0,5.8,3.2, 
20150407,2.1,16.4,-2.7,7.4,3.5, 
20150408,8.8,14.4,1.0,8.0,0.0, 
20150409,3.4,12.9,1.0,6.2,5.0, 
20150410,2.5,8.3,1.0,4.7,1.0, 
20150411,0.8,13.9,-3.0,6.7,1.0, 
20150412,5.4,16.4,1.0,8.9,0.0, 
20150413,3.9,15.0,1.0,8.7,0.0, 
20150414,4.9,11.7,1.0,5.4,2.4, 
20150415,0.5,15.9,-3.3,7.2,2.5, 
20150416,4.3,18.8,1.0,10.8,0.0, 
20150417,4.8,19.0,1.0,10.3,0.0, 
20150418,7.4,11.5,2.6,7.3,0.0, 
20150419,5.9,17.4,3.7,10.0,0.0, 
20150420,5.7,15.7,1.8,9.1,0.0, 
20150421,9.9,19.9,9.0,13.2,0.0, 
20150422,9.1,25.5,5.0,15.4,0.0, 
20150423,13.1,24.0,7.9,16.8,0.0, 
20150424,16.3,24.9,12.5,17.7,0.0, 
20150425,15.6,15.6,4.3,10.0,7.8, 
20150426,5.8,9.2,2.7,6.3,12.5, 
20150427,3.5,16.7,-1.5,10.0,0.0, 
20150428,8.8,14.4,5.8,9.6,0.0, 
20150429,5.9,16.4,3.5,9.6,0.0, 
20150430,6.6,20.2,3.2,11.9,0.0, 
20150501,10.5,22.1,7.2,14.4,0.0, 
20150502,9.8,23.4,3.8,13.4,0.0, 
20150503,8.2,23.3,3.4,13.6,0.0, 
20150504,9.8,24.4,5.9,15.2,0.0, 
20150505,11.8,24.8,7.6,15.9,0.0, 
20150506,12.1,17.4,4.9,11.3,0.0, 
20150507,6.1,20.0,1.3,10.8,0.0, 
20150508,7.9,20.3,3.8,12.1,0.0, 
20150509,10.7,20.8,7.5,13.6,0.0, 
20150510,8.7,24.8,4.9,14.4,0.0, 
20150511,11.5,26.6,7.2,16.6,0.0, 
20150512,12.6,25.9,8.1,17.1,0.0, 
20150513,14.3,19.7,10.6,14.8,0.0, 
20150514,12.1,23.6,7.6,15.4,0.0, 
20150515,10.7,24.7,7.2,15.6,0.0, 
20150516,13.1,26.7,9.9,18.2,0.0, 
20150517,13.5,25.7,9.7,18.4,0.0, 
20150518,17.4,24.7,14.0,19.6,0.0, 
20150519,17.3,17.5,13.6,16.1,11.5, 
20150520,17.1,17.3,8.2,14.1,8.6, 
20150521,8.2,21.5,6.0,13.7,9.0, 
20150522,10.0,22.9,6.0,14.7,0.0, 
20150523,11.4,25.5,7.6,16.7,0.0, 
20150524,13.2,30.6,9.1,19.7,0.0, 
20150525,16.5,25.9,13.0,18.9,0.0, 
20150526,14.2,27.0,11.9,19.5,0.0, 
20150527,15.2,18.6,11.6,15.3,2.7, 
20150528,11.6,21.4,5.9,14.3,3.5, 
20150529,11.2,24.2,7.2,15.9,0.0, 
20150530,11.3,22.6,6.9,15.2,0.0, 
20150531,15.9,20.9,11.9,16.3,0.0, 
20150601,12.0,21.1,9.3,15.2,0.0, 
20150602,12.2,24.2,9.9,17.0,0.0, 
20150603,13.1,26.5,9.4,18.3,0.0, 
20150604,16.6,25.6,13.2,19.0,0.0, 
20150605,16.3,26.1,15.6,19.3,0.0, 
20150606,16.9,21.1,14.3,17.2,4.0, 
20150607,17.4,21.8,13.7,17.0,15.2, 
20150608,13.9,25.4,9.4,17.4,16.5, 
20150609,15.8,23.3,14.2,18.1,0.0, 
20150610,15.3,20.9,12.7,16.2,5.2, 
20150611,13.6,23.4,8.5,16.2,5.5, 
20150612,13.6,25.3,10.3,17.9,0.0, 
20150613,15.2,26.0,11.8,19.2,0.0, 
20150614,16.0,26.2,14.2,18.9,0.0, 
20150615,15.5,26.3,12.3,18.2,0.0, 
20150616,15.9,26.1,11.2,18.8,0.0, 
20150617,16.7,24.9,14.8,19.1,0.0, 
20150618,16.1,19.9,13.7,15.7,10.3, 
20150619,16.0,21.8,15.6,17.9,3.5, 
20150620,17.5,24.9,16.1,20.0,3.5, 
20150621,18.1,26.3,13.9,19.0,2.3, 
20150622,14.0,28.2,11.3,19.4,2.5, 
20150623,15.6,28.6,12.0,20.3,0.0, 
20150624,17.7,28.6,16.4,21.8,0.0, 
20150625,18.1,29.8,14.6,21.8,0.0, 
20150626,18.0,26.3,14.6,21.2,0.0, 
20150627,20.8,31.1,18.2,23.5,0.0, 
20150628,20.1,26.2,17.4,21.7,0.0, 
20150629,18.8,25.6,16.5,19.9,1.0, 
20150630,18.1,26.3,16.3,20.8,1.0, 
20150701,19.9,27.9,17.8,21.7,0.0, 
20150702,18.8,27.7,17.4,21.5,0.0, 
20150703,17.5,28.2,15.1,20.7,0.0, 
20150704,18.3,30.3,15.9,22.3,0.0, 
20150705,18.4,32.6,15.3,24.0,0.0, 
20150706,23.1,32.0,20.5,25.4,0.0, 
20150707,22.6,28.0,18.0,23.1,0.0, 
20150708,19.9,27.2,15.7,21.6,0.0, 
20150709,18.1,28.1,13.6,20.9,0.0, 
20150710,18.4,22.9,15.5,19.3,1.7, 
20150711,16.8,22.8,16.1,18.4,3.1, 
20150712,16.4,26.3,16.2,19.8,3.5, 
20150713,20.0,29.2,17.8,22.0,2.9, 
20150714,19.3,28.4,17.9,22.3,1.5, 
20150715,19.3,27.3,17.7,20.5,7.2, 
20150716,18.0,27.8,17.7,21.7,18.4, 
20150717,19.7,27.0,18.1,22.3,19.0, 
20150718,20.7,30.9,18.4,24.1,0.0, 
20150719,21.4,33.0,18.5,25.8,0.0, 
20150720,24.9,29.0,22.7,26.0,0.0, 
20150721,24.9,25.1,21.0,22.9,2.9, 
20150722,22.3,29.5,21.6,24.1,3.5, 
20150723,22.3,30.4,20.3,24.1,0.0, 
20150724,24.2,26.1,21.6,23.3,1.5, 
20150725,22.5,26.3,21.9,23.5,3.5, 
20150726,22.5,23.9,20.4,21.8,72.6, 
20150727,21.5,31.8,20.2,25.3,91.0, 
20150728,23.7,23.9,21.2,22.5,57.3, 
20150729,21.7,27.4,21.7,24.4,90.5, 
20150730,24.4,26.4,20.4,23.9,15.1, 
20150731,21.1,26.0,21.0,22.7,30.3, 
20150801,22.2,28.2,21.2,23.9,1.7, 
20150802,23.0,32.1,22.1,26.2,1.5, 
20150803,23.1,33.1,19.5,25.7,31.2, 
20150804,19.6,32.4,18.6,25.2,32.5, 
20150805,23.3,34.0,21.4,27.1,0.0, 
20150806,24.3,34.2,22.6,27.6,0.0, 
20150807,24.9,25.2,19.8,22.6,10.8, 
20150808,21.2,29.7,20.6,24.3,13.0, 
20150809,22.5,31.6,21.3,25.1,0.0, 
20150810,22.5,34.0,20.7,26.9,0.0, 
20150811,24.4,27.7,21.1,22.9,0.0, 
20150812,24.3,26.2,20.4,23.2,31.8, 
20150813,22.9,32.2,21.8,25.3,56.0, 
20150814,22.5,33.4,20.7,26.6,0.0, 
20150815,25.1,26.7,19.8,22.3,14.6, 
20150816,19.9,27.9,18.8,22.5,8.2, 
20150817,21.5,27.8,18.5,22.3,1.3, 
20150818,18.8,21.3,16.5,17.7,1.5, 
20150819,18.8,29.0,16.1,21.9,0.0, 
20150820,18.8,30.4,16.8,23.1,0.0, 
20150821,20.6,27.0,19.4,21.7,2.0, 
20150822,20.1,29.0,18.7,22.4,2.0, 
20150823,20.4,28.0,16.1,21.2,0.0, 
20150824,17.0,25.3,15.0,19.5,0.0, 
20150825,18.2,28.0,15.7,21.0,0.0, 
20150826,18.3,28.5,16.1,21.6,0.0, 
20150827,20.0,27.7,17.9,21.6,0.0, 
20150828,19.7,27.7,17.8,22.0,0.0, 
20150829,19.8,24.5,16.3,20.2,13.9, 
20150830,18.6,23.5,14.3,18.5,14.5, 
20150831,15.7,26.5,14.2,18.9,0.0, 
20150901,16.1,25.0,13.5,18.8,0.0, 
20150902,15.4,27.0,13.0,19.1,0.0, 
20150903,17.0,26.1,15.7,20.4,0.0, 
20150904,20.0,21.3,17.8,19.0,49.9, 
20150905,18.6,25.0,17.6,19.7,17.4, 
20150906,17.8,26.2,17.1,21.1,26.0, 
20150907,21.6,28.5,19.2,23.3,1.8, 
20150908,19.9,26.0,19.7,21.9,4.5, 
20150909,19.8,28.9,18.5,22.5,0.0, 
20150910,21.3,23.9,16.6,19.3,49.0, 
20150911,17.2,27.0,17.2,21.1,1.7, 
20150912,18.0,21.9,16.1,18.6,1.5, 
20150913,16.5,26.4,15.2,19.7,0.0, 
20150914,17.9,21.1,17.0,18.4,0.0, 
20150915,17.1,27.2,15.0,20.3,0.0, 
20150916,17.1,28.3,14.1,20.1,0.0, 
20150917,14.2,25.8,10.5,17.8,0.0, 
20150918,16.1,22.8,9.4,16.5,0.0, 
20150919,9.4,22.6,6.4,13.7,0.0, 
20150920,10.7,21.3,10.0,14.8,0.0, 
20150921,14.3,19.5,11.7,15.1,0.0, 
20150922,14.2,19.4,13.9,17.0,0.0, 
20150923,17.3,22.9,10.8,16.9,0.0, 
20150924,11.5,23.8,7.7,15.3,0.0, 
20150925,12.9,23.4,9.1,16.1,0.0, 
20150926,13.8,26.2,11.8,17.9,0.0, 
20150927,15.7,24.7,13.5,18.1,0.0, 
20150928,16.6,26.0,14.3,18.9,0.0, 
20150929,15.6,25.5,11.4,17.1,0.0, 
20150930,12.9,25.8,9.9,16.8,0.0, 
20151001,13.4,26.5,10.8,18.0,0.0, 
20151002,17.4,22.9,15.8,18.4,3.0, 
20151003,17.4,24.6,14.7,19.8,1.9, 
20151004,14.8,25.1,12.2,18.1,2.0, 
20151005,18.2,18.3,9.2,15.1,5.4, 
20151006,10.2,20.6,6.2,13.1,5.5, 
20151007,12.8,13.1,9.9,11.3,14.9, 
20151008,10.0,16.6,4.0,11.0,21.0, 
20151009,4.2,17.7,1.5,8.8,0.0, 
20151010,5.7,16.8,5.2,10.4,0.0, 
20151011,10.8,23.8,7.2,15.0,0.0, 
20151012,13.5,19.8,9.4,14.9,0.0, 
20151013,9.4,20.3,5.9,12.1,0.0, 
20151014,9.0,14.7,4.5,9.0,0.0, 
20151015,4.6,17.8,3.7,9.7,0.0, 
20151016,6.4,17.5,6.2,12.6,0.0, 
20151017,9.1,16.6,5.9,8.7,0.0, 
20151018,8.3,21.4,5.6,12.3,0.0, 
20151019,9.3,19.9,6.3,12.4,0.0, 
20151020,9.5,19.6,6.0,11.4,0.0, 
20151021,7.9,21.4,5.0,12.0,0.0, 
20151022,9.7,21.9,7.1,13.2,0.0, 
20151023,10.5,19.1,8.1,12.5,0.0, 
20151024,11.9,21.0,8.2,14.2,0.0, 
20151025,12.9,19.6,7.1,13.2,0.0, 
20151026,11.1,13.3,2.0,7.4,0.0, 
20151027,2.2,14.0,-2.2,6.9,0.0, 
20151028,4.8,15.5,2.5,9.3,6.1, 
20151029,11.3,15.7,2.1,8.7,6.5, 
20151030,2.6,14.6,-2.6,7.3,0.0, 
20151031,4.3,17.6,3.1,10.1,0.0, 
20151101,10.7,17.8,8.4,12.3,0.0, 
20151102,5.0,16.3,1.5,8.6,0.0, 
20151103,8.5,17.8,2.0,9.6,0.0, 
20151104,6.4,16.9,1.9,8.3,0.0, 
20151105,3.7,15.5,3.4,9.7,0.0, 
20151106,3.6,13.7,-1.2,7.0,0.0, 
20151107,2.2,10.8,-2.5,5.0,0.0, 
20151108,-1.9,11.0,-6.3,1.6,0.0, 
20151109,-1.7,14.8,-4.1,4.2,0.0, 
20151110,0.5,13.4,-1.7,7.8,5.0, 
20151111,6.0,13.7,2.3,7.9,1.0, 
20151112,2.4,12.8,-3.1,4.8,1.0, 
20151113,0.6,8.4,-1.7,4.6,14.0, 
20151114,0.3,2.0,-5.8,-2.7,16.0, 
20151115,-3.7,7.0,-4.0,2.8,6.9, 
20151116,1.0,11.2,-1.4,5.0,7.5, 
20151117,-0.2,7.8,4.8,6.0,6.7, 
20151118,6.2,8.6,-4.7,2.3,8.6, 
20151119,-4.0,1.3,-7.5,-4.2,9.0, 
20151120,-5.4,3.5,-8.1,-2.2,0.0, 
20151121,-6.3,6.8,-8.3,-1.5,0.0, 
20151122,-1.2,15.0,-4.0,3.8,0.0, 
20151123,0.3,11.1,-2.3,0.9,0.0, 
20151124,8.9,8.9,1.6,6.0,2.6, 
20151125,2.0,3.9,-3.6,-0.2,3.0, 
20151126,-0.6,10.2,-3.4,3.0,0.0, 
20151127,2.5,3.4,-5.1,-1.1,0.0, 
20151128,-4.4,7.9,-5.5,0.0,0.0, 
20151129,-3.4,5.0,-8.5,-3.0,0.0, 
20151130,-5.8,6.9,-8.1,-0.6,0.0, 
20151201,1.0,3.6,-1.3,2.0,1.0, 
20151202,-0.8,-1.0,-6.2,-3.2,1.0, 
20151203,-7.7,3.1,-11.2,-5.4,0.0, 
20151204,-4.2,1.1,-9.7,-6.7,0.0, 
20151205,-4.5,-3.7,-12.5,-7.5,0.0, 
20151206,-12.4,-3.0,-16.7,-10.5,0.0, 
20151207,-9.6,-1.0,-10.0,-6.1,0.0, 
20151208,-8.2,1.9,-12.1,-7.0,0.0, 
20151209,-6.5,3.7,-6.9,-2.3,1.5, 
20151210,1.1,6.7,1.0,2.8,2.4, 
20151211,4.4,7.6,-2.9,4.4,2.5, 
20151212,-2.2,1.1,-8.9,-5.3,0.0, 
20151213,-7.9,2.6,-10.2,-4.4,1.5, 
20151214,-0.6,2.6,-5.0,-1.7,1.0, 
20151215,-4.7,7.9,-7.7,-1.2,1.0, 
20151216,-2.9,10.0,-5.3,1.8,0.0, 
20151217,4.2,7.3,1.2,4.6,6.2, 
20151218,1.4,1.5,-5.1,-2.6,6.5, 
20151219,-4.3,1.2,-9.7,-5.9,0.0, 
20151220,-6.5,-1.0,-9.9,-5.9,0.0, 
20151221,-10.0,-1.4,-12.1,-6.4,0.0, 
20151222,-2.6,4.9,-3.7,-0.3,1.0, 
20151223,-0.4,2.4,-5.2,-0.5,2.0, 
20151224,,,,,,
20151225,-7.1,4.0,-9.0,-3.8,0.0, 
20151226,-0.9,2.1,-5.6,-1.0,0.0, 
20151227,-4.9,-1.0,-10.7,-6.5,0.0, 
20151228,-8.4,3.0,-8.6,-3.3,0.0, 
20151229,-0.3,5.6,-4.9,-0.1,0.0, 
20151230,-1.4,2.1,-9.2,-2.9,0.0, 
20151231,-8.8,-7.0,-13.5,-10.3,0.0, 
20160101,-11.1,-1.3,-11.2,-6.2,0.0, 
20160102,-6.1,-1.0,-6.6,-4.3,0.0, 
20160103,-4.7,1.6,-10.4,-6.2,0.0, 
20160104,-7.8,3.9,-10.9,-5.3,0.0, 
20160105,-7.7,3.5,-11.6,-5.2,0.0, 
20160106,-6.4,1.4,-7.2,-4.4,1.1, 
20160107,-0.7,7.2,-1.1,3.9,23.6, 
20160108,5.7,6.1,-2.7,1.8,20.4, 
20160109,-2.5,-1.0,-7.6,-3.9,23.0, 
20160110,-7.5,1.3,-9.3,-6.1,0.0, 
20160111,-5.9,1.4,-8.2,-4.7,0.0, 
20160112,-4.5,-1.0,-7.8,-4.5,0.0, 
20160113,-7.7,-1.7,-11.1,-6.8,0.0, 
20160114,-9.4,-1.0,-12.8,-8.1,0.0, 
20160115,-9.6,-1.0,-13.3,-7.8,0.0, 
20160116,-9.3,-1.0,-12.4,-8.1,0.0, 
20160117,-8.7,3.2,-12.1,-6.2,0.0, 
20160118,-7.0,3.7,-10.4,-5.0,0.0, 
20160119,-6.9,3.2,-7.3,-3.5,0.0, 
20160120,-4.4,3.0,-9.1,-4.2,0.0, 
20160121,-7.5,1.7,-12.9,-7.5,0.0, 
20160122,-5.2,6.2,-6.1,-1.7,0.0, 
20160123,-4.3,7.4,-6.8,-0.8,0.0, 
20160124,-4.2,4.9,-8.2,-3.1,0.0, 
20160125,-5.8,7.1,-7.5,-1.8,0.0, 
20160126,-4.3,9.7,-7.8,0.9,0.0, 
20160127,3.5,5.8,1.7,4.0,0.0, 
20160128,3.9,8.5,1.0,4.9,0.0, 
20160129,0.2,8.0,-5.3,1.1,0.0, 
20160130,-1.5,7.2,-6.0,0.4,0.0, 
20160131,-2.0,6.4,-3.9,0.6,0.0, 
20160201,,,,,,
20160202,-4.6,2.3,-8.6,-3.8,0.0, 
20160203,,,,,,
20160204,-8.4,1.2,-12.5,-7.3,0.0, 
20160205,-9.0,-7.2,-15.7,-11.6,1.1, 
20160206,-15.2,-3.0,-19.1,-11.6,0.0, 
20160207,-12.1,-1.0,-13.3,-6.3,0.0, 
20160208,-2.5,1.6,-7.4,-3.4,0.0, 
20160209,-7.4,1.7,-11.9,-6.2,0.0, 
20160210,-3.6,7.1,-7.1,-0.8,0.0, 
20160211,-4.1,11.4,-7.9,0.9,0.0, 
20160212,-0.5,9.2,-1.0,6.1,3.0, 
20160213,4.5,7.0,1.6,4.0,3.5, 
20160214,3.8,13.0,1.1,5.8,0.0, 
20160215,1.2,14.2,-2.2,6.0,1.9, 
20160216,3.1,3.1,-8.3,-3.0,8.4, 
20160217,-7.0,-6.2,-10.9,-8.3,9.5, 
20160218,-10.8,-1.5,-14.7,-8.2,0.0, 
20160219,-8.5,4.2,-10.8,-4.3,0.0, 
20160220,-4.4,7.7,-7.8,-0.6,0.0, 
20160221,-2.9,8.0,-4.3,1.9,4.7, 
20160222,4.2,4.5,-3.9,1.6,2.5, 
20160223,-4.0,4.9,-8.6,-2.9,2.5, 
20160224,-2.6,8.9,-3.0,3.5,0.0, 
20160225,1.7,7.8,1.0,3.2,10.5, 
20160226,-0.3,8.0,-3.6,1.5,13.0, 
20160227,-0.7,9.1,-4.7,2.2,0.0, 
20160228,-0.9,2.8,-3.5,-1.4,2.4, 
20160229,-0.2,10.5,-1.5,5.3,3.0, 
20160301,-1.5,8.1,-4.0,1.7,2.5, 
20160302,-1.8,5.7,-3.7,0.0,4.0, 
20160303,-3.4,9.4,-5.7,1.2,0.0, 
20160304,1.4,2.6,-4.2,-0.5,0.0, 
20160305,-4.3,4.9,-8.6,-2.4,0.0, 
20160306,-4.9,6.6,-8.9,-1.5,0.0, 
20160307,-3.2,11.9,-4.9,2.1,0.0, 
20160308,-0.8,14.5,-5.6,4.4,0.0, 
20160309,0.8,14.3,-3.5,6.7,0.0, 
20160310,7.4,8.6,-1.4,4.8,9.9, 
20160311,-0.8,6.8,-4.5,1.0,13.0, 
20160312,-3.7,9.4,-7.2,2.4,0.0, 
20160313,5.9,5.9,-4.2,2.7,0.0, 
20160314,-3.0,6.7,-8.0,-0.2,0.0, 
20160315,-1.4,6.3,-4.8,0.0,0.0, 
20160316,-4.6,6.9,-8.4,-0.8,0.0, 
20160317,-1.2,8.6,-1.2,3.5,0.0, 
20160318,-0.6,14.0,-6.0,3.9,0.0, 
20160319,1.4,10.2,1.0,6.3,0.0, 
20160320,3.7,11.8,-3.7,5.2,0.0, 
20160321,2.2,16.1,1.8,8.9,1.8, 
20160322,6.5,14.0,1.0,8.1,2.0, 
20160323,3.1,15.3,-3.0,6.9,0.0, 
20160324,2.9,16.2,-2.7,8.0,0.0, 
20160325,3.7,17.4,-1.6,9.3,0.0, 
20160326,5.4,18.7,1.0,11.3,0.0, 
20160327,12.2,15.0,4.5,10.3,0.0, 
20160328,5.2,11.0,-3.4,4.7,0.0, 
20160329,-0.9,14.0,-5.6,4.6,0.0, 
20160330,1.9,15.3,-3.4,6.7,0.0, 
20160331,3.1,16.9,-2.4,9.1,0.0, 
20160401,7.3,16.0,1.3,7.8,0.0, 
20160402,1.5,14.2,-3.2,6.3,0.0, 
20160403,1.8,14.9,-3.4,6.6,0.0, 
20160404,5.2,11.4,1.0,6.1,0.0, 
20160405,1.4,13.2,-6.3,4.3,0.0, 
20160406,1.2,15.6,-4.3,6.1,0.0, 
20160407,3.8,6.4,1.0,2.6,0.0, 
20160408,2.9,12.7,-3.1,6.1,0.0, 
20160409,1.8,13.6,-3.6,6.1,0.0, 
20160410,3.8,13.6,1.0,8.1,0.0, 
20160411,5.1,14.6,1.0,8.4,0.0, 
20160412,3.3,11.6,1.0,7.0,0.0, 
20160413,5.3,17.2,-1.4,9.0,0.0, 
20160414,4.0,18.9,-1.5,10.3,0.0, 
20160415,4.6,20.0,1.0,10.6,0.0, 
20160416,7.1,20.9,2.1,12.0,0.0, 
20160417,10.1,11.4,5.7,9.1,12.6, 
20160418,5.7,18.6,4.3,10.8,16.0, 
20160419,8.1,15.5,6.3,9.5,4.8, 
20160420,7.4,10.5,3.2,7.4,6.0, 
20160421,4.0,9.0,1.0,4.8,0.0, 
20160422,1.6,7.1,1.0,3.5,0.0, 
20160423,0.1,11.8,-3.7,5.1,0.0, 
20160424,1.6,12.2,-3.4,6.5,0.0, 
20160425,6.9,14.5,3.6,9.6,1.5, 
20160426,3.6,17.0,1.0,9.9,1.5, 
20160427,5.5,16.0,1.0,8.8,0.0, 
20160428,4.7,17.9,1.0,10.6,0.0, 
20160429,7.5,19.2,3.3,11.0,0.0, 
20160430,6.3,20.1,1.4,11.8,0.0, 
20160501,14.0,23.0,12.8,16.8,0.0, 
20160502,16.0,18.9,14.0,16.3,0.0, 
20160503,14.4,26.1,12.7,19.0,0.0, 
20160504,16.7,25.7,13.5,18.6,0.0, 
20160505,13.7,20.1,9.2,14.4,0.0, 
20160506,9.2,25.6,6.0,15.8,0.0, 
20160507,14.4,24.2,7.9,16.7,0.0, 
20160508,14.6,24.1,10.4,16.3,3.9, 
20160509,10.7,14.9,9.7,12.3,26.6, 
20160510,11.4,15.9,10.2,12.4,1.9, 
20160511,11.3,19.6,8.9,13.8,1.3, 
20160512,9.5,18.8,6.3,11.2,1.5, 
20160513,7.4,20.5,3.9,12.5,1.5, 
20160514,8.9,22.5,6.4,14.3,0.0, 
20160515,14.0,15.6,10.6,13.0,4.6, 
20160516,12.1,18.9,11.6,14.7,7.0, 
20160517,14.5,21.0,13.2,15.9,0.0, 
20160518,14.9,24.2,11.1,15.5,21.1, 
20160519,11.2,14.0,6.5,10.8,9.1, 
20160520,6.7,18.1,3.8,11.0,10.5, 
20160521,10.4,19.9,5.8,13.4,0.0, 
20160522,12.6,19.1,10.7,14.9,0.0, 
20160523,13.5,22.7,12.6,16.8,0.0, 
20160524,15.1,21.1,13.4,15.6,16.4, 
20160525,13.5,19.9,12.2,15.2,20.0, 
20160526,13.1,19.5,9.6,13.7,1.9, 
20160527,9.6,23.3,7.7,14.3,0.0, 
20160528,12.4,19.8,10.4,14.3,0.0, 
20160529,11.2,25.4,7.9,16.8,0.0, 
20160530,13.6,27.5,10.9,19.1,0.0, 
20160531,14.9,25.9,12.0,18.0,0.0, 
20160601,14.9,23.7,13.0,17.9,1.5, 
20160602,12.9,19.7,11.1,14.5,2.9, 
20160603,15.0,25.9,14.4,18.9,3.0, 
20160604,16.5,24.3,15.8,19.0,0.0, 
20160605,17.6,27.1,15.3,20.1,0.0, 
20160606,16.3,29.1,13.4,21.0,0.0, 
20160607,18.6,26.3,15.8,20.2,0.0, 
20160608,17.7,28.3,16.8,21.5,0.0, 
20160609,18.3,31.1,15.7,22.7,0.0, 
20160610,,,,,,
20160611,19.7,24.6,18.8,20.1,1.5, 
20160612,19.4,25.4,16.6,21.2,0.0, 
20160613,18.4,30.6,13.5,22.5,0.0, 
20160614,21.6,28.3,18.0,22.6,0.0, 
20160615,18.1,26.6,14.3,20.4,0.0, 
20160616,17.3,28.2,17.0,21.7,0.0, 
20160617,19.2,28.5,15.4,21.5,0.0, 
20160618,18.8,23.7,15.2,19.7,0.0, 
20160619,19.5,28.3,17.7,22.1,0.0, 
20160620,18.6,28.0,16.4,21.7,0.0, 
20160621,18.1,30.1,14.7,22.3,0.0, 
20160622,19.5,33.2,16.3,24.4,0.0, 
20160623,20.9,29.7,17.8,23.3,0.0, 
20160624,21.6,21.9,16.6,19.0,39.3, 
20160625,16.6,21.3,16.6,18.7,4.9, 
20160626,18.5,23.9,17.4,19.8,1.9, 
20160627,19.1,26.2,17.9,21.3,2.0, 
20160628,19.3,28.3,18.2,22.3,0.0, 
20160629,,,,,,
20160630,19.5,20.8,15.6,18.1,20.3, 
20160701,16.6,23.5,14.4,18.1,29.0, 
20160702,16.4,26.9,15.8,21.0,0.0, 
20160703,19.6,29.7,17.3,22.0,0.0, 
20160704,19.2,27.1,17.5,21.7,0.0, 
20160705,18.2,26.6,16.4,20.6,0.0, 
20160706,18.3,28.3,17.9,22.4,0.0, 
20160707,21.2,26.2,18.8,21.4,1.5, 
20160708,19.3,29.0,17.5,22.6,1.5, 
20160709,19.5,31.0,17.6,24.0,0.0, 
20160710,22.2,23.7,18.8,20.8,31.4, 
20160711,20.6,27.5,18.2,22.2,35.0, 
20160712,18.3,23.7,15.0,19.7,0.0, 
20160713,19.7,21.3,15.5,18.7,10.7, 
20160714,16.6,22.3,15.3,18.6,9.5, 
20160715,17.4,27.1,14.8,20.3,10.0, 
20160716,18.1,28.8,17.7,22.4,0.0, 
20160717,20.5,29.9,19.1,23.8,0.0, 
20160718,21.7,28.3,19.1,22.9,0.0, 
20160719,20.3,25.3,18.3,21.1,11.3, 
20160720,24.2,25.4,19.8,22.0,4.7, 
20160721,19.9,28.7,19.3,22.4,5.5, 
20160722,19.5,25.8,18.1,21.6,0.0, 
20160723,20.1,22.7,16.6,20.1,25.3, 
20160724,17.7,23.6,17.3,20.6,4.3, 
20160725,20.2,25.4,19.2,21.7,5.5, 
20160726,20.0,27.3,17.4,21.8,0.0, 
20160727,20.0,23.1,19.0,20.8,1.3, 
20160728,20.0,27.2,18.7,22.4,1.5, 
20160729,21.3,25.6,20.1,21.7,23.8, 
20160730,20.4,27.5,19.9,22.8,31.5, 
20160731,20.8,29.0,19.3,23.5,0.0, 
20160801,22.7,23.7,20.4,21.9,47.5, 
20160802,21.0,25.4,20.3,21.9,49.4, 
20160803,21.2,24.6,21.1,23.2,38.5, 
20160804,22.4,24.1,21.7,22.9,8.1, 
20160805,24.1,26.7,22.4,24.2,39.6, 
20160806,23.8,24.7,20.3,22.2,54.3, 
20160807,20.6,25.2,19.4,21.8,63.5, 
20160808,19.8,29.3,17.7,22.5,0.0, 
20160809,20.2,24.6,19.9,22.7,79.9, 
20160810,23.9,26.0,21.4,23.4,26.6, 
20160811,22.1,25.3,20.6,22.3,41.3, 
20160812,22.9,29.9,20.5,24.6,49.5, 
20160813,23.3,27.6,22.9,24.8,0.0, 
20160814,23.8,25.7,23.1,24.6,21.1, 
20160815,23.8,26.6,22.1,23.7,1.6, 
20160816,23.1,26.7,22.2,24.3,1.5, 
20160817,,,,,,
20160818,21.3,30.1,19.6,23.6,0.0, 
20160819,21.6,29.5,19.7,23.7,0.0, 
20160820,22.6,29.9,21.3,24.6,0.0, 
20160821,22.4,23.8,18.8,21.2,12.8, 
20160822,20.1,27.0,19.3,21.5,29.1, 
20160823,19.4,28.3,17.8,22.1,5.6, 
20160824,20.3,29.0,18.3,23.2,5.5, 
20160825,21.5,31.4,20.6,25.3,0.0, 
20160826,23.9,33.6,21.6,27.3,2.5, 
20160827,27.5,28.4,22.5,25.2,5.6, 
20160828,23.0,28.2,22.7,24.3,9.0, 
20160829,23.7,28.7,22.2,24.6,1.1, 
20160830,23.4,30.6,21.8,25.0,1.0, 
20160831,21.7,28.0,20.8,23.6,0.0, 
20160901,22.7,29.2,19.6,23.7,0.0, 
20160902,22.7,23.6,20.5,22.1,29.3, 
20160903,21.4,23.9,18.4,20.6,34.1, 
20160904,18.9,24.7,15.0,19.7,41.0, 
20160905,15.0,27.3,13.6,19.4,0.0, 
20160906,18.1,23.4,15.6,19.1,1.0, 
20160907,18.2,19.5,15.5,17.5,18.7, 
20160908,17.8,23.9,16.9,19.5,1.8, 
20160909,17.7,22.3,14.7,17.5,9.6, 
20160910,14.9,15.8,14.6,15.3,12.5, 
20160911,16.6,27.6,14.7,19.8,0.0, 
20160912,20.1,21.5,15.4,18.4,1.8, 
20160913,16.6,24.6,12.9,18.3,2.0, 
20160914,15.6,24.1,13.4,17.9,0.0, 
20160915,16.5,27.0,15.4,19.7,0.0, 
20160916,17.9,22.4,17.0,19.3,1.0, 
20160917,18.4,21.4,14.8,18.4,1.0, 
20160918,14.9,22.8,11.3,15.7,8.3, 
20160919,11.3,23.7,9.1,15.1,8.5, 
20160920,10.7,23.3,8.1,14.2,0.0, 
20160921,9.8,22.9,7.1,13.8,0.0, 
20160922,10.6,23.7,8.3,15.1,0.0, 
20160923,11.5,21.9,8.6,15.0,0.0, 
20160924,14.4,23.7,12.6,17.5,0.0, 
20160925,15.2,22.4,11.6,16.9,0.0, 
20160926,11.7,22.3,9.5,15.2,0.0, 
20160927,12.9,23.9,9.3,15.7,0.0, 
20160928,12.9,24.4,9.7,15.8,0.0, 
20160929,12.3,21.9,9.5,15.0,0.0, 
20160930,13.6,22.2,11.1,15.6,0.0, 
20161001,13.1,21.3,10.7,15.5,0.0, 
20161002,13.4,18.8,11.4,15.4,3.9, 
20161003,15.9,21.5,12.9,16.3,4.0, 
20161004,13.4,19.1,5.3,12.9,2.4, 
20161005,5.3,16.4,2.1,8.6,2.5, 
20161006,5.8,17.1,2.5,8.9,0.0, 
20161007,5.8,20.5,3.4,10.7,0.0, 
20161008,7.3,7.6,6.8,7.3,0.0, 
20161009,,,,,,
20161010,,,,,,
20161011,,,,,,
20161012,,,,,,
20161013,6.0,18.0,6.0,11.6,0.0, 
20161014,6.2,14.9,1.6,8.0,0.0, 
20161015,1.7,15.9,1.0,8.4,0.0, 
20161016,3.8,10.5,2.1,6.4,0.0, 
20161017,5.9,16.4,2.6,7.5,0.0, 
20161018,2.7,18.2,1.0,9.4,0.0, 
20161019,6.1,19.1,3.7,9.9,0.0, 
20161020,5.8,20.1,2.6,9.7,0.0, 
20161021,5.5,14.8,4.3,8.5,0.0, 
20161022,6.2,16.0,2.3,9.4,1.0, 
20161023,2.2,11.7,-1.9,5.5,1.0, 
20161024,-0.2,12.1,-4.1,3.8,0.0, 
20161025,0.3,16.6,-3.0,6.6,0.0, 
20161026,3.4,17.4,1.0,8.6,0.0, 
20161027,5.3,17.0,2.5,9.0,0.0, 
20161028,9.6,16.5,2.1,10.3,0.0, 
20161029,2.1,15.5,-2.7,6.0,0.0, 
20161030,3.2,16.9,-2.1,7.7,0.0, 
20161031,2.3,15.0,1.0,9.9,0.0, 
20161101,10.4,13.4,5.2,10.5,6.7, 
20161102,5.3,13.3,1.0,6.8,9.0, 
20161103,4.4,5.4,-4.6,1.8,0.0, 
20161104,-4.0,8.3,-7.5,0.2,0.0, 
20161105,1.7,13.1,-2.1,7.1,0.0, 
20161106,6.3,15.6,4.8,9.5,0.0, 
20161107,8.4,16.2,6.2,12.3,0.0, 
20161108,6.2,9.8,-2.2,5.2,0.0, 
20161109,-2.1,8.1,-6.3,0.5,0.0, 
20161110,-1.9,11.4,-6.4,2.3,0.0, 
20161111,-0.5,14.2,-4.6,3.8,0.0, 
20161112,0.2,14.7,-3.6,5.5,0.0, 
20161113,3.7,16.3,1.7,7.6,0.0, 
20161114,2.2,16.4,-1.9,9.1,0.0, 
20161115,4.2,13.3,1.0,6.5,0.0, 
20161116,3.1,16.4,1.0,7.7,0.0, 
20161117,3.9,16.9,1.4,8.8,0.0, 
20161118,11.4,18.2,9.5,14.3,5.4, 
20161119,16.9,18.6,4.1,12.6,31.2, 
20161120,4.2,4.2,-3.4,0.7,38.5, 
20161121,-3.1,8.6,-5.6,1.6,0.0, 
20161122,4.7,5.2,-3.0,3.4,3.7, 
20161123,-2.9,4.2,-5.9,-2.1,4.0, 
20161124,-5.1,2.6,-6.7,-2.7,0.0, 
20161125,-4.6,4.3,-6.8,-2.7,0.0, 
20161126,-4.4,8.1,-6.9,-0.7,0.0, 
20161127,-2.9,5.1,-5.8,-0.7,0.0, 
20161128,-4.1,-1.0,-8.2,-5.1,0.0, 
20161129,-5.8,-1.0,-9.0,-5.3,0.0, 
20161130,-7.3,2.0,-10.7,-6.0,0.0, 
20161201,-7.0,3.9,-10.5,-4.6,0.0, 
20161202,-4.4,3.5,-5.8,-2.2,0.0, 
20161203,-5.2,1.9,-8.2,-4.8,0.0, 
20161204,-7.3,2.3,-11.5,-6.4,0.0, 
20161205,-7.3,3.7,-9.3,-4.2,0.0, 
20161206,-2.9,6.0,-3.8,-0.4,0.0, 
20161207,-2.4,3.8,-5.4,-1.2,0.0, 
20161208,-4.6,1.4,-10.8,-6.3,0.0, 
20161209,-9.0,2.1,-11.5,-5.4,0.0, 
20161210,-2.3,3.5,-4.3,-0.7,0.0, 
20161211,-3.8,4.4,-5.0,-1.3,0.0, 
20161212,-2.3,3.7,-6.5,-2.3,0.0, 
20161213,-5.7,-1.0,-9.2,-4.4,0.0, 
20161214,-9.3,-6.8,-14.8,-10.9,0.0, 
20161215,-14.4,-6.5,-17.8,-12.7,0.0, 
20161216,-15.0,-5.8,-19.2,-13.3,0.0, 
20161217,-15.5,-2.6,-18.9,-10.7,0.0, 
20161218,-5.7,-1.0,-11.2,-5.0,0.0, 
20161219,-11.1,-3.4,-17.0,-10.0,0.0, 
20161220,-12.2,-1.1,-16.3,-9.6,0.0, 
20161221,-11.6,1.0,-15.4,-9.5,0.0, 
20161222,-8.8,4.2,-9.9,-4.0,0.0, 
20161223,-5.8,5.1,-8.6,-2.0,0.0, 
20161224,2.4,3.2,-6.6,-1.2,0.0, 
20161225,-6.0,2.3,-11.0,-5.7,0.0, 
20161226,-5.9,5.8,-8.2,-2.7,0.0, 
20161227,-5.1,8.7,-6.3,1.8,0.0, 
20161228,1.8,8.5,-3.2,2.6,0.0, 
20161229,-1.5,1.3,-7.9,-3.3,0.0, 
20161230,-7.9,-7.6,-14.9,-12.0,0.0, 
20161231,-14.4,-4.7,-17.4,-11.5,0.0, 
