Set,일자,품목0 변동률,품목1 변동률,품목2 변동률,품목3 변동률,품목4 변동률,품목5 변동률,품목6 변동률,품목7 변동률,품목8 변동률,품목9 변동률,품목10 변동률,품목11 변동률,품목12 변동률,품목13 변동률,품목14 변동률,품목15 변동률,품목16 변동률,품목17 변동률,품목18 변동률,품목19 변동률,품목20 변동률,품목21 변동률,품목22 변동률,품목23 변동률,품목24 변동률,품목25 변동률,품목26 변동률,품목27 변동률,품목28 변동률,품목29 변동률,품목30 변동률,품목31 변동률,품목32 변동률,품목33 변동률,품목34 변동률,품목35 변동률,품목36 변동률
0,d+1,-0.10358234363395653,0.5055407698713432,0.2656750029135041,-0.7588467726601449,-0.9051502608274008,-0.659023287612151,-0.31100284107637055,-0.0012825596374567223,-0.28974738969144104,-0.36621381844213197,-0.3047694151470996,-0.8894546992078949,-0.5002439242803689,-0.9987760140545178,0.3494870516801769,-0.9612611087610846,,-0.5518288282446756,-0.4472556157326466,-0.6157834854456905,-0.7150827239827534,-0.5128599038982967,-0.4714907185973435,0.12842364517016097,-0.6542643900941162,-0.6589414305721404,-0.32462895950306464,-0.1846819646958365,-0.21794082247111737,-0.5321543384781656,-0.9958825120529767,-0.5493631011223588,-0.28107010625791473,-0.3523286700374017,-0.6808346637219914,-0.41689636079447784,-0.430166008007606
0,d+2,-0.0364694242629727,0.08673479123867145,-0.07134667038187482,-0.5253368165849642,-0.9007797025606291,-0.6579328556657281,,-0.2819473383089455,-0.41808616235588975,-0.3625528621018386,-0.3564397224251705,-0.5406301757944355,-0.4076962118037677,-0.9982967430700577,-0.23811143229981768,-0.7419461250874783,-0.9647677288322978,-0.5692572662780996,-0.4621211327210091,-0.590527101568951,-0.7026334342131288,-0.5641840113785329,-0.5676688816997704,0.048046062195243856,-0.8127322684512226,-0.9503760966833441,-0.40571124557725163,-0.4230583770845471,-0.21871941980410836,-0.5340494950521476,-0.9940369666635491,-0.7482907330633316,-0.36419363859628767,-0.44998298674792275,-0.67963098232916,-0.32907345555159767,-0.42151878098000034
0,d+3,,,,,,,-0.3169858829417654,,,,,,,,,,,,,,,,,,,,,,,,,,,,,,
0,d+4,-0.02348353514805133,0.5648369710353017,0.540846444945997,-0.4768782173609317,-0.8979322244991876,-0.6608822888625484,,0.003817482699176064,-0.33061628066174437,-0.3678602543524071,-0.4962130081914531,-0.5317884019713336,-0.47955776084473883,-0.9988789988505539,0.2023122642382141,-0.6255304828088809,-0.9591513319566728,-0.5430894361235644,-0.4174729346121978,-0.5867295362502257,-0.6769557161383398,-0.45789752129990036,-0.5929967393427489,0.12096999087221727,-0.5807075079775201,-0.5551073024503115,-0.22599864170828135,-0.06251534604930963,-0.26350858354057116,-0.537189589462915,-0.9949509914649115,-0.4669675815485273,-0.28682456386321553,-0.34837854440209837,-0.6787404951640502,-0.3698340365327132,-0.42408172775408864
0,d+5,-0.0052217120346153105,0.534071933130671,0.4816787154007368,-0.3469387824170547,-0.8974443944351018,-0.6642955565465879,,-0.24633552670819026,-0.3378943199112427,-0.36132578014414646,-0.44438185992647977,-0.460919261508169,-0.3938587305295938,-0.9986679046469509,0.235574516385763,-0.7600074742075804,-0.9696275683308012,-0.5525639006362895,-0.46072061466830444,-0.4538305314897166,-0.7081135359723404,-0.5646354776169621,-0.6958127019595318,0.09755017943304085,-0.7746536910822086,-0.4616041097876729,-0.3637583098254641,-0.1125393061308016,-0.2092932293327457,-0.5408305375715075,-0.9955778500160367,-0.5608326501849711,-0.32873921769155684,-0.30051107980547104,-0.67686077537014,-0.3290543856458913,-0.4209231423014263
0,d+6,0.0015095095095094963,0.5221728138158718,0.48726669072944717,-0.48496953748889915,-0.8990212487695508,-0.6559409381654695,,-0.17440435274182103,-0.3451732549444748,-0.3619434685421939,-0.5705964935720892,-0.37227019454306176,-0.43210033591998853,-0.998592086796889,0.20442802937774127,-0.775320897278778,,-0.5781522925033429,-0.4481282578676443,-0.4391649347242483,-0.7286636006133858,-0.5651618555074049,-0.8185295386875546,-0.03841238286956641,-0.7210289887198363,-0.6730562229599435,-0.32026912062088286,-0.05236676197974811,-0.07861397588221761,-0.5318647000270996,-0.99607497624126,-0.4251305971417551,-0.3572808243623986,-0.3227157812592282,-0.6827088774764936,-0.3496916035302983,-0.42276552674002676
0,d+7,-0.12001839258613456,0.5649684574783718,0.44960784453562624,-0.4813983815824539,-0.9020811028512278,-0.657440611680876,-0.3156647824294883,-0.2646992970576238,-0.3193993989000668,-0.3555427177000004,-0.5502891615637756,-0.3677937156841506,-0.408560388428312,-0.9987955158719426,0.46353144295127774,-0.8357164893220633,-0.9608848016756583,-0.552519569357811,-0.43809135803454863,-0.7552786585477643,-0.6854557341791989,-0.4651503132761365,-0.6768198811603187,-0.03004472331213572,-0.6766950321748629,-0.6778516897001569,-0.3641055698425297,-0.1513622693918156,-0.0855865681529183,-0.5290737693510918,-0.995853325784782,-0.5204859238818753,-0.2888050906227257,-0.3504898279602967,-0.6746419561978204,-0.3454942622087826,-0.4248581895940314
0,d+8,-0.14861666828118444,0.4428709246435094,0.48024582543065575,-0.6610609758741756,-0.9018929402607463,-0.6443624955780611,-0.32769530559971743,-0.255354931973446,-0.3685321187601381,-0.36640384099916623,-0.29088174392134286,-0.5628318414716863,-0.5271747153116688,-0.9993599467744414,0.21204529803924682,-0.7599109473416198,-0.9612096831605443,-0.5511989461610304,-0.42987287469935864,-0.6270958701508051,-0.7170555626391928,-0.49228663425756786,-1.144179242917569,-0.011946401630318763,-0.5874668131855391,-0.6565889300749481,-0.37952142832975133,-0.22609824925485209,-0.22533812835783437,-0.5294467884313073,-0.9942854553958274,-0.29594111622658037,-0.31429296966300324,-0.36150003014781273,-0.6766768774775471,-0.44786430423987644,-0.4266653195036869
0,d+9,-0.055086260454002424,0.09045532164733014,0.0070349609992099325,-0.551243593612128,-0.8988313105106669,-0.6610852184768691,-0.3168729759170936,-0.4301984587164644,-0.5075446025040729,-0.36475685948800946,-0.37078661878907204,-0.28412352488760584,-0.4498146081640867,-0.9993957911998634,0.11125031798344642,-0.8231195450900382,-0.9615946404721443,-0.5790122146211982,-0.47194137135065484,-0.6224540336411735,-0.7015249986274273,-0.5577579752282683,-0.6121522710740214,-0.22014769007049018,-0.821271474942323,-0.8984444925176878,-0.4888225246592999,-0.5332736527025791,-0.23263236212364308,-0.5311350810748607,-0.9975523160599687,-0.5757411759611608,-0.3670522137965074,-0.432170752392272,-0.6758420242522903,-0.35017871225891034,-0.4224263934996323
0,d+10,,,,,,,-0.3239007757757758,,,,,,,,,,,,,,,,,,,,,,,,,,,,,,
0,d+11,-0.13849989344182892,0.6387741252322836,0.5759580915714755,-0.504691128484855,-0.8978568865111406,-0.6561900102502706,-0.3269664149443562,0.21285138217195537,-0.3404762943714469,-0.37452206669141797,-0.28758527031161435,-0.2879394749843222,-0.48279843151121865,-0.9987435984027963,0.27310261665770597,-0.742706780296315,-0.9523445574000806,-0.5500383218850742,-0.47727388311399677,-0.5913280407942555,-0.6752863021557984,-0.4403087595472507,-0.7225997092513011,0.10862621794792807,-0.7864773639685355,-0.5159948118002454,-0.21367966212030812,-0.024345782081256685,-0.2815782475876971,-0.5331920143431118,-0.9938469159734301,-0.22448355940981893,-0.29283606536009565,-0.322779242381547,-0.6732352778381991,-0.2963340073638281,-0.4362478453521884
0,d+12,0.014167018631534708,0.5110646687822771,0.46998427261066833,-0.44771077752498484,-0.8973577362443588,-0.653272725495998,-0.29677526791497383,-0.29736603013100316,-0.338417355818146,-0.3635616866568754,-0.34400994890752484,-0.36003305061220686,-0.3871467689484318,-0.9985485960142718,0.41862229822894675,-0.9337345727864359,-0.9669275957315574,-0.5616808937591781,-0.4858121704120218,-0.4344592704967662,-0.6992018797594178,-0.5391503952426239,-0.5256673354434254,-0.10319841920584656,-0.5475832840348401,-0.43343409341138167,-0.26424641285593886,-0.10176744725435888,-0.20457279197338324,-0.5317401944831066,-0.9953069650780806,-0.47574262242279775,-0.33768675037909396,-0.28024438065696256,-0.6836938658665835,-0.2852680577667666,-0.42008364383092445
0,d+13,0.006832380767864656,0.5616301994924188,0.3415315325880673,-0.5438659046787876,-0.8935047384554216,-0.6576867012547045,,-0.09763927501968873,-0.321918342759369,-0.3613222507884438,-0.44488618486239356,-0.27561788389032904,-0.4402096044742317,-0.9987620063044528,0.3272914984287291,-1.0583265979390823,-0.9568644310722632,-0.572287442679365,-0.46102792155358924,-0.5643723818497789,-0.7200567650294991,-0.545611100268253,-0.689449245110324,-0.15276402310569412,-0.709987810882953,-0.615888430137283,-0.31483694673169255,-0.13183198525963669,-0.10284688764774629,-0.5305671031209557,-0.9940300301388136,-0.4402163367010869,-0.3771159927197251,-0.31515678923752377,-0.6791619365970805,-0.3368058892489879,-0.41864342926327747
0,d+14,-0.009868552423391165,0.5774812536092645,0.5453900815110767,-0.5054013185795078,-0.8963366483884744,-0.6530071631512548,-0.31535174880763117,-0.12253833186479002,-0.31995091665795905,-0.3575188158929368,-0.2927888745072638,-0.24600459167528257,-0.430790402254918,-0.9985697735324054,0.23356605536016609,-0.7896264120284734,-0.9588236605485184,-0.5650742947690301,-0.47879243355198714,-0.41285327037040365,-0.6836144052867406,-0.45024896256686436,-0.38816838336216275,-0.026714268121641977,-0.5796776839293792,-0.6351070911144806,-0.27209622308815196,-0.11148389597616065,-0.11537675326606293,-0.5303551913017277,-0.9958297190631211,-0.25103466469661195,-0.2941563187582821,-0.32255237687753124,-0.6757631617086843,-0.3649781294422903,-0.4203095410571532
0,d+22 ~ 28 평균,-0.12272359363972263,0.33276761828717694,0.2032069324211303,-0.5994571856776878,-0.8941690671361534,-0.6530126542441789,-0.3256545831545831,-0.22475757672410585,-0.42735338245461746,-0.36427585750724567,-0.44019997182930815,-0.39344326483110587,-0.515962702525638,-0.9989472365263977,0.19678214729997512,-0.8685692543588089,-0.962722245809924,-0.5480472088544631,-0.5070945601808672,-0.6365020725183042,-0.7152595126932518,-0.44289702065663605,-0.6455718062800381,-0.33721061618811393,-0.7371236857492276,-0.6622396711248837,-0.42571752771061444,-0.16317063477470023,-0.2727351935432596,-0.5350393180685352,-0.9949307426664299,-0.44635642761605826,-0.34445708749407256,-0.43140737219104164,-0.6691835811744934,-0.41339749042103585,-0.4270375380793781
1,d+1,0.04876760079223676,-0.15058714025351352,-0.23246153783390092,-0.3286129105192816,-0.9783011305342647,-0.549082378578526,-0.5063395984504764,-0.3819629868844027,-0.19574653738851625,-0.5220003658366996,-0.25144564437533384,-0.834271473718477,0.3332622228883318,-0.9348725067958975,0.4979411370758445,-0.905607512633387,,-0.677396020040519,0.1479268791883938,-0.53685443436069,-0.522758674464368,-0.7334407924776406,-0.6592961767901232,0.05320775804417242,-0.24714228198047755,1.2624057048314543,-0.306973029210572,-0.17793377767392451,0.6688815611908745,1.682898933828881,-0.9959926657243287,-0.35285133955906334,-0.6827100941662602,0.09443098845661572,-0.705548637464803,-0.022125887158800962,-0.344701812506708
1,d+2,0.03697019165225834,-0.34508902922259094,-0.26698852423265046,-0.3607854915506112,-0.9769331514731394,-0.5476754301658725,,-0.4669733351308016,-0.2667873204417969,-0.7075074132000202,-0.3964002185980485,-0.8325107206135747,0.35088974479942586,-2.5500009257954392,0.058378834061413636,-0.987403171526963,-0.15158700680242368,-0.6302310540172914,0.1201605375928076,-0.5197241168103939,-0.5584673501113699,-0.7496727339945499,-0.6325758965606258,-0.0074554567900493715,-0.24953404814503205,1.0385644489469612,-0.19643898241373364,-0.21307902926047997,0.5278241665654884,-2.493386850117426,-0.994196493545681,-0.4046753284150713,-0.7615468293810399,0.0025418758000556414,-0.7035376782042473,0.041291293030168215,-0.3409347550915504
1,d+3,,,,,,,-0.5106287140732966,,,,,,,,,,,,,,,,,,,,,,,,,,,,,,
1,d+4,-0.18405434369852883,-0.3117143997497965,-0.24610569968683377,-0.42621002030482236,-0.976334715205754,-0.5515558418771622,,-0.4729418248266284,-0.3033756560291073,-0.5263713582305726,-0.45950920738768514,-0.8479852423072953,0.33866563456696197,0.39058892056633865,0.21964164185505516,-0.9998722142849914,-0.2028362349171926,-0.6677183682478172,0.31858675611086723,-0.4884367158366725,-0.5729291698036622,-0.7996197827664233,-0.6500653848170616,-0.027054508833022645,-0.3720842259634016,1.0025828019156056,-0.2562451916392829,-0.19983733633860523,0.37223226342742044,-5.354755843507283,-0.995086065770892,-0.3688605529571207,-0.7032233652629293,-0.011202362783091755,-0.7057911513069898,-0.01360208097675762,-0.3880643063437293
1,d+5,0.17785552415473774,-0.21463869045162376,-0.31581364805503953,-0.3721644240549453,-0.9759757068615404,-0.5561022260373906,,-0.46635588149266405,-0.23377614470103905,-0.6430441524616465,-0.5145812930309497,-0.8723854698331559,0.617190539886523,0.15605631846768048,0.29503523365712364,-0.9930556837379353,-0.2898402236548013,-0.6627917441428497,0.12932181802025755,-0.5313309880942745,-0.5861050939872819,-0.7178639061265973,-0.6493824147596886,-0.045928632466916745,-0.4869019235805586,1.1504816535182234,-0.24747862198314707,-0.14326319172954874,0.5937031513838852,1.1085575820694424,-0.995696154201081,-0.33372680564524604,-0.6677851191248303,0.11252401060348705,-0.703053796365606,0.05947051915487284,-0.37315212117162483
1,d+6,0.1603237814386059,-0.22699862937671242,-0.2727167587638992,-0.34713366335074614,-0.9767207680782296,-0.5450547959335906,,-0.41821593820196684,-0.21155286894927194,-0.676092742679619,-0.7650026879557612,-0.8256353498383925,0.6352429358815412,-1.2602652873865305,0.4192558617584575,-0.9327896540158317,,-0.6837877795905679,0.1495865200768752,-0.5375913632519262,-0.606382066762723,-0.7503270536708604,-0.6326483626217482,-0.12160070250659448,-0.277358622348391,0.8560978385649579,-0.2414757446297267,-0.14236985414300113,0.49517677995013626,-0.6669110448293782,-0.9961799809875352,-0.3539508097942102,-0.690868989849229,0.16911980374242497,-0.7084666129504221,-0.03685302845048457,-0.32438657222041756
1,d+7,0.10114375235871825,-0.19734143551699856,-0.27609609182985806,-0.3640818058301822,-0.9774282479041121,-0.5470123958306791,-0.5096495599854496,-0.4356983312221959,-0.17841000055477452,-0.4700026784765182,-0.8243811686541752,-0.8588172455391039,0.48685781968028613,-1.0882699492623968,0.2912171637913169,-0.9211703485397529,-0.1401576997914042,-0.6890745898281421,0.24708131774497405,-0.5317099065726142,-0.5907964040556433,-0.7334559717301703,-0.6461110467267261,-0.009110055946616602,-0.320954603398272,1.1467717283648724,-0.37116198010129303,-0.16265021447600211,0.5107633625436533,0.1309758221968413,-0.99596426026585,-0.29123760981559055,-0.713009368451174,0.11916998315580331,-0.7000272123329409,-0.03543229179311659,-0.3314284472399054
1,d+8,0.050050073577382025,-0.1784416321583505,-0.25295543847017027,-0.3369908869799235,-0.9775803942412958,-0.5297575475257303,-0.5183052541477631,-0.36773320816054905,-0.22544919640985173,-0.7050862438825367,-0.15153912004886635,-0.8348888524894442,0.22157868173707482,-1.177008998605147,0.3607447284901053,-0.9944715474883659,-0.1667139849370148,-0.6745867498889769,0.29598801722653045,-0.5612500008600924,-0.5229544131470186,-0.740175952014746,-0.6472491386636358,-0.017045335141902186,-0.22248821219429443,1.1130291100991387,-0.3176680391139447,-0.14715249300554664,0.6676297686073412,-2.2794447173448424,-0.9944383345484449,-0.32278068732761794,-0.6860405829210477,0.09006791175270756,-0.7013447410129731,-0.12382296342798817,-0.3347148476491487
1,d+9,-0.026084065450226398,-0.3417487022242379,-0.26798810539272744,-0.371539716122138,-0.9764821696472835,-0.5518166606827621,-0.5103648358838797,-0.5044557023765642,-0.2902259389589828,-0.5779511019197611,-0.36220900818683943,-0.8620619586963666,0.2265469269524488,-2.251250904848329,0.43022146233250347,-0.9013126806967209,-0.21568192448094925,-0.6231942297187832,0.08377895833563226,-0.5916554031346561,-0.5643550580626298,-0.7468104590237373,-0.674576339252537,-0.11257087156563264,-0.28578530040872513,0.8216523121474518,-0.2732753621097468,-0.1728397952844005,0.5232847483014417,-1.6373783304695952,-0.9976177980664185,-0.3609879457874851,-0.782475412444157,0.03048552758178375,-0.7017386298906224,-0.03135371946049986,-0.32610858841481644
1,d+10,,,,,,,-0.5155245765331024,,,,,,,,,,,,,,,,,,,,,,,,,,,,,,
1,d+11,-0.2659744249115755,-0.2807379821599728,-0.23742415718262969,-0.451448986363686,-0.9760501942361715,-0.5453524023717101,-0.5177091816970143,-0.4555319902806167,-0.30119148135037316,-0.5454787835236551,0.02889340673375799,-0.8561172421731077,0.2600051196100749,-1.6563416011230676,0.05758353864801349,-0.9690749826585501,-0.11307749634868759,-0.6676595711546697,0.07012524636467159,-0.5487227458133175,-0.5724099241129237,-0.7902161419320382,-0.6456679614900335,0.06288465078504495,-0.355131410556263,0.9117767694589197,-0.2464815073846245,-0.19241453531252575,0.3370264850009705,-3.113773075485672,-0.9940115272131919,-0.36445343911448463,-0.708084641158293,0.002589729683569201,-0.7024471151212316,-0.04290533715028796,-0.361162859759154
1,d+12,0.14222298042519807,-0.2252107427436504,-0.2889415028418578,-0.39360948371658183,-0.9761484220378336,-0.5414672774362872,-0.4960858750520719,-0.47366050500614776,-0.26478815810069994,-0.7111454598532821,-0.4105692860199193,-0.8720449386184121,0.6015790705785675,-1.3775392974866496,0.5239944551547258,-1.0072097451661102,-0.2751498296666893,-0.6507290060942446,0.06588550407477414,-0.6007523058374347,-0.5763236214025101,-0.7350438936806223,-0.6315655298178953,0.03564821898628865,-0.32977647234837176,1.0915936186281612,-0.31439793352178746,-0.15738213071167353,0.6124125716489629,1.5522365574775425,-0.9954325161502595,-0.33518324271389494,-0.6688477871246963,0.0849668363287805,-0.7113067766966057,0.01165447757920964,-0.31059327424373145
1,d+13,0.14437526512724624,-0.20298467960805555,-0.26752182013869075,-0.35827756480683065,-0.9757376271842463,-0.5473081863512754,,-0.3850083835460069,-0.16832437899824076,-0.8485488658014267,-0.6329315881435452,-0.8060279658206874,0.5643581239902127,-1.3199005553348733,0.3392545808159784,-0.9207400823310574,-0.38934971101639887,-0.6756765059780775,0.14519326492498266,-0.49812558484361447,-0.6034290038999868,-0.7520110743736674,-0.6335273111094272,0.022745872100484812,-0.23576223230668383,0.9169433209483183,-0.27055024762053137,-0.1616791527544202,0.45450060646481144,-2.166572064837058,-0.9941897425912922,-0.34289223201976354,-0.709191798069062,0.13936045047080606,-0.7055174175756911,-0.11755514237364409,-0.3557893790148733
1,d+14,0.05940142415386011,-0.19897823520482097,-0.255112986549047,-0.3623106975947975,-0.9759369595590605,-0.5411134999763563,-0.5093600264608362,-0.3982992628814475,-0.16616979640703008,-0.5031641137054904,0.0012632454816924664,-0.8571311897294717,0.4156490456734977,-1.3142664780212077,0.21672216676891914,-0.9214867752822395,-0.15231450270213104,-0.6837258938899781,0.08417732007208426,-0.5288874606989141,-0.5938584188164823,-0.7374149555206052,-0.6441056326048846,0.1276771380903676,-0.3255645313403037,1.062915139006172,-0.3698140087676276,-0.17320328154563214,0.5555698736739717,0.9628311706691101,-0.9959412850863072,-0.30876281927517646,-0.7139033452239648,0.13442515296413093,-0.7010802093043261,-0.10071772309200923,-0.3335435732497832
1,d+22 ~ 28 평균,-0.05124707426989965,-0.30904044371416645,-0.3485993599249764,-0.46160713151209104,-0.9752963283318794,-0.5411631884932377,-0.5167672722779921,-0.4977040628057904,-0.31648444556340816,-0.5862926007990327,-0.4809707511282584,-0.8313562375395271,0.19710724156440776,-0.3168221154562168,0.3148184625939081,-0.9642717025432432,-0.2806253795198287,-0.6648792566978989,0.0686571649421419,-0.5968211872006448,-0.5982808686771451,-0.7576364137043926,-0.6329830281888233,-0.04125564285555346,-0.3817894822529973,0.7583540220337531,-0.3703790956486405,-0.26747275732036513,0.4292002021821827,-0.16506378128556845,-0.9950663586812197,-0.4562796231458285,-0.7389820788327783,-0.05380603216432697,-0.6961766166364068,-0.21488518276938912,-0.3375315439006339
2,d+1,-0.06768900810443265,0.052561329901261424,-0.274781052478368,-0.059944802180049724,-0.9107561833412073,1.1176724539117815,-0.929662492694676,-0.9825286511239077,0.03214066547075874,-0.5031485151608462,-0.5149161890219349,-0.9974070099568398,-0.17893425257793058,-0.9983314601556755,0.3417391638939666,0.12636409718379615,,-0.2749136742864621,0.0011855002307419199,0.4231086672330323,0.871541198562268,-0.9266293948729111,-0.6217070592304552,0.7711243263938632,-0.05414282030212105,0.44425736417686373,-0.2879368103997445,-0.006203326979741232,0.17389737782571751,-4.512604910423578,-0.4082277219893331,0.20739029042777846,-0.2117270303824429,0.6101657886511344,-0.21012938397595568,-0.2615677502006711,-0.2629351692658949
2,d+2,0.03892501307051579,0.08555980345463553,-0.3496165570211533,-0.24464444331322488,-0.9701431130495347,2.645999195561949,,-0.9775513110310934,0.13372750742883235,-0.5001105621221963,-0.5265568460093084,-0.9978462851648173,-0.061547727679617754,-0.9976781170868668,-0.14304753329328948,0.09266892543143376,0.5955420315857709,-0.20663472478487813,0.2916264282182461,0.3607783420717893,0.4814416906763931,-0.9257795001268413,-0.6201508532490048,0.6264956642224061,-0.028895671967150267,0.3306601307195769,-0.37327942643422424,-0.008532765015632333,0.042458531727137566,2.817190080909664,-0.39870615267661236,0.060266722841020304,-0.36272157529429816,0.7560338225027546,-0.20715957300272292,-0.24692996855991883,-0.2544517878974046
2,d+3,,,,,,,-0.9301197522218102,,,,,,,,,,,,,,,,,,,,,,,,,,,,,,
2,d+4,0.027847450203242766,-0.12322892760607589,-0.2516786716241881,-0.3317949492189922,-0.8830063923743605,-0.5520704908246368,,-0.9906609171379778,-0.25338490046508183,-0.5036448045048739,-0.5689289881639823,-0.9983376543318346,-0.22940414668178313,-0.9984718492150273,0.1672625075526486,-0.7446153843034041,0.41830529166959857,-0.2978451926629987,0.13062853564709231,0.39381712860925183,0.5229987325623293,-0.9301051383992899,-0.6379633422855514,0.7279480716468902,-0.26095258012782196,0.38784224026796105,-0.15593634883989327,-0.040446818323290785,0.18602122022181927,1.0706689228109583,-0.373210207088777,0.1356046675333718,-0.3780699672717535,0.31073684854664646,-0.20506390092415916,-0.30609853512062657,-0.2681031939244636
2,d+5,0.0626372286872095,0.04331523698322985,-0.2771774597165556,-0.1369159880647135,-0.9149212383203389,0.744565089776846,,-0.979815917784036,-0.14523003792232347,-0.49871019034441016,-0.5611033969915492,-0.9987320782382416,-0.1616514587361428,-0.9981840852166598,0.33151083229561645,-0.36789964940097947,0.8827422431145199,-0.23317155438597456,0.4814194312155776,0.3002688399669471,0.6046314042750685,-0.9180143037938394,-0.6254479944524546,0.5797121114298935,-0.0911320550280277,0.3572539751806085,-0.11654272672428292,0.0019320214729425537,0.1672550922854533,3.717561757701524,-0.38655259534076114,0.23829154402671865,-0.30684168797104666,0.7331686422325655,-0.20050244637971112,-0.1971043658074884,-0.2590451725582655
2,d+6,0.014723685063157107,0.023906828399105497,-0.2529252697752585,-0.03813485059017089,-0.9494369253094059,-0.24712936723916082,,-0.9834161712256579,-0.4253478579411889,-0.4995078796652025,-0.558497914506898,-0.9973968889216241,-0.21235918877946156,-0.9980807301869667,0.14338351794091508,0.1878310512257929,,-0.2918910996287287,-1.4261672812209973,0.31782472711389886,0.6059929695373522,-0.9204068018496183,-0.6263843795797804,0.5025334061992012,-0.19466561662480775,0.32008232381059065,-0.39412798850934067,-0.03432530012903108,0.1948672483988828,-2.1963604494290716,-0.4050025412302076,0.1880615725340738,-0.34280295705197034,0.3732448233184441,-0.21490958868506196,-0.2479154053360312,-0.26656417596591536
2,d+7,0.014504956817087146,0.06277903110367085,-0.2541655305471416,-0.025817444063096273,-1.0291257041695432,1.1140719912283423,-0.9306580279796566,-0.9815367155647094,-0.04408629649777621,-0.49455479184489476,-0.5555272610454978,-0.9983617862798994,-0.16107161442228074,-0.9983580450682966,0.12636185758738258,0.3913108090826491,0.8729409698967375,-0.2843614125429886,1.5262046522032657,0.3689605358229357,0.3512415997749287,-0.9313155403830767,-0.6240427656691229,0.46461022691164916,-0.09191832148560612,0.3680488070886502,-0.20646538850354293,-0.0434182612741883,0.215443789302858,-1.6270994109442667,-0.695185619442464,0.20100863529410168,-0.25627466557853457,0.6841660864743397,-0.19474806921497792,-0.31197877351210634,-0.2758938377553926
2,d+8,0.0024885092873879887,0.018933937124776496,-0.25388279015793996,-0.044713054560691363,-0.932488822913704,-0.043729806904110886,-0.9313999967688404,-0.9829529580124448,0.022476855606126334,-0.5033956584419319,-0.5260588851297399,-0.9976689541300785,-0.16148562649025655,-0.9991274782906824,0.28437276132602446,-0.4226946562541859,0.5441139870388839,-0.2752639436122637,0.7730206388522276,0.4449776063211173,0.8475423727277728,-0.9203599462243787,-0.6222703017480078,0.6753288886020593,-0.03541142655597933,0.39089542497222285,-0.2748327975181255,-0.027923980396276887,0.16426558013146245,-4.561372355322821,-0.3341532235376752,0.24283414607579504,-0.2285071026457272,0.3894880990799735,-0.19977784076810035,-0.30392615680053237,-0.2629703002869729
2,d+9,0.09835735289306509,0.08800900339199022,-0.3898418505761998,-0.10164782740158405,-1.105339842535112,-0.4012275315593178,-0.9305548943356221,-0.9814045538540095,0.029033977227049805,-0.5012661138458503,-0.5171211012768665,-0.9974857572740107,-0.1041535566375868,-0.9991763414759456,0.2997219061187906,0.7468696619396448,0.420853407661085,-0.20524384307318622,-1.6904859486239916,0.16257523884239092,0.43341011543060814,-0.918739800710671,-0.6394753184525245,0.7452402736654655,-0.08838462550365675,0.3355167712598011,-0.2849358635660807,-0.030101398628191584,0.010256103845663047,1.6211326505605295,-0.20987054624861787,0.14800495541176092,-0.3765425669743448,0.7904231259307488,-0.1978644490032323,-0.31261716674022483,-0.26067445955120655
2,d+10,,,,,,,-0.9310098842779195,,,,,,,,,,,,,,,,,,,,,,,,,,,,,,
2,d+11,-0.0018182601995271244,-0.07663459292267451,-0.25131873043397596,-0.39736169312719927,-1.0358653104041027,2.7563562053684456,-0.9313158234308164,-0.9866145402790036,-0.21356350908193375,-0.509494177261579,-0.525088877271656,-0.9980837434404852,-0.21529325676186412,-0.9982872710808935,0.13499322204483372,-0.41795873833631564,0.5125869625707855,-0.2893316972012356,-0.5333330390377238,0.23050898948044415,0.5327038469336828,-0.9229034965069872,-0.6307833500123452,0.5050995887364117,-0.230789718500215,0.29490738548823975,-0.2144950016089606,-0.05644400115175524,0.16835255755377476,-9.124785345066577,-0.3292173720855859,0.012414293303117274,-0.3797678231167342,0.4480688132564668,-0.19147219415223976,-0.31812378454252865,-0.3032591634366971
2,d+12,0.03550957760737542,0.01938439184197776,-0.3080257640102818,-0.02949822099196265,-0.8491749557778816,0.23215301499668992,-0.9282960436636587,-0.981057903548961,-0.21314559147832643,-0.5004776853883621,-0.5291816458552528,-0.9986876937933258,-0.18507096268659323,-0.99802144347381,0.48518778892767855,-0.045458782797462724,0.6296034643252264,-0.22887294293841928,0.044706297487027806,0.26272228786174434,0.6654270760809494,-0.9195556252059525,-0.6210486301884239,0.6439141265287402,-0.09957435527803331,0.2837881498229768,-0.18504761965115116,-0.01180112431739277,0.17341690308788135,-0.3175304428876381,-0.42209603075929464,0.25127698052851727,-0.31278972795046905,0.8299641306668033,-0.2171427982923032,-0.28894790784211277,-0.2620804313768707
2,d+13,-0.017926994981712272,0.11315189015356875,-0.27674207353601715,-0.04734881550552823,-0.8786276385353247,0.5458442232974011,,-0.98031273108256,-0.43323941446302977,-0.4984443223881546,-0.5131458596198581,-0.9979471117972976,-0.20743638098120798,-0.9983123647655701,0.20121632030983977,0.09452024213426707,0.34123207306987624,-0.28705340179693184,-0.3663056891136888,0.48230385235827533,0.6184478745678341,-0.9208254044175789,-0.6306222284779173,0.6119459466520067,-0.1507616567590471,0.24635512302909202,-0.3150713735826758,-0.029457988057119515,0.16537794272871265,2.4951309797917385,-0.3352031142194054,0.18233047118013462,-0.3626483028960535,0.3384409835398365,-0.20596361697328394,-0.31530725312361624,-0.25360333645826116
2,d+14,-0.060079404568055335,0.061588098957780286,-0.24953400374281334,-0.0446975022344768,-0.9722784372145169,-0.867601945906953,-0.9306252735432372,-0.9802254034750147,-0.06761578293852089,-0.49551046593927534,-0.5110256121692214,-0.9982103834183734,-0.14844741920663412,-0.9980503127046538,-0.06564362444624261,0.1716292787517555,0.5439365466534747,-0.2828586441451945,0.6203903449002158,0.47964593220320495,0.3339339724805374,-0.9340670739304466,-0.621321167915001,0.5306827442369123,-0.1612559112841909,0.29883089923953754,-0.24568971517550128,-0.030539716381128724,0.19258347926294456,-3.3269605673887934,-0.7403571435198212,0.16788683249104494,-0.25403968416575906,0.6984295376341988,-0.1976259472085159,-0.3649291741491725,-0.2597378077582706
2,d+22 ~ 28 평균,-0.17458285116508324,-0.07628494949072497,-0.37242172772487014,-0.20394314045399667,-0.9450132430119073,0.38655310471890725,-0.9313132144805982,-0.9834414398846747,-0.19630890042411656,-0.5008420177303258,-0.5346576236335229,-0.9979446778358855,-0.2518412259699153,-0.9985648709375803,0.24999557132821312,0.12688629651018968,0.4007233950711357,-0.2535579265084347,-0.20619587507841053,0.27118635088302956,0.4926345490362297,-0.9219770063994608,-0.6168179954841915,0.33933231819032195,-0.25118474163798615,0.08229437525778617,-0.3199356537913979,-0.18439476336963784,0.013815878206015729,-0.24824307067831508,-0.4643531448055934,0.055233764043038536,-0.3457376950934745,0.2900604890263579,-0.18126510228223697,-0.3992393561818326,-0.26761994554148455
3,d+1,-0.276545963974651,1.8379135089136815,-0.10323271977417439,0.058560453873863855,-0.8999215476509065,-1.0953493981839946,0.17565441813346674,-0.9900434409322365,-0.48445732061701985,-0.46983460259732895,-0.42595089466240105,-0.9951627671603778,-0.0331450682493561,-0.9982560612422646,0.028425776873174154,-0.6732156931530728,,0.02231124005526981,-0.9961427676834171,0.18126188556337286,0.38033202372908964,-0.43198181072978953,-0.6028797317988098,0.22594125825920805,-0.396450320579056,-0.04355128401405866,-0.16516480501911826,0.5177123077313798,-0.31937806684695674,-0.13241714679897873,-0.315893067178831,0.014039884102520118,-0.30511559260729365,-0.357425656918392,0.1038382020516101,-0.05733810694435761,-0.39321361312662284
3,d+2,-0.19549021864280577,1.187739802340708,-0.1527856347839135,-0.01612213737301097,-0.9868406048082137,-0.9883996872567085,,-0.9887192403708055,-0.4278860782920383,-0.46667462975463614,-0.4489912624422635,-0.995765493387105,0.004559920831635902,-0.9975731945407776,-0.3717513395646701,-0.7400065321912378,6.349329037159992,0.13074866988193742,-1.0029169934218902,0.25032838656056705,0.4679178548088625,-0.49184110649420093,-0.6012661017117528,0.1493351697416357,-0.3183406754325125,-0.19217848896049475,-0.10725936074245372,0.5042904452660213,-0.42831838455876553,-0.13626641885433877,-0.30409085085032694,0.011021607765243562,-0.3219873493081656,-0.3745994087139755,0.10638397514879142,-0.06508219330939967,-0.3872902629724305
3,d+3,,,,,,,0.6694293163060705,,,,,,,,,,,,,,,,,,,,,,,,,,,,,,
3,d+4,-0.25489926617982617,1.296477340325125,-0.03533875103457325,0.024694398126296743,-0.9459738968304429,-1.0570617824800177,,-0.991814383470427,-0.48694736791618415,-0.4707505675009325,-0.47991907106149234,-0.9964129445894474,-0.07276325778783231,-0.9984027942810939,-0.0883879475281423,-0.6136578876406399,6.356370802505947,0.06890833964825062,-0.9999300107160471,0.25458410106793156,0.48148451608018455,-0.36794079785982126,-0.616627851883506,0.1831696960530101,-0.4612710463340461,-0.021323926757097177,-0.05885780579115393,0.5447748656425186,-0.3109187602642103,-0.142397052931116,-0.2751044089511789,0.06937638119893944,-0.2667715463889571,-0.32257454208283776,0.11473774544248158,-0.007212195728795221,-0.40182743463145376
3,d+5,-0.16673435473258807,1.636593806426621,-0.12641734211948422,0.06600152047057328,-0.9370718914016124,-0.9954859320232496,,-0.9920444470296383,-0.445121839568227,-0.46539362800783535,-0.5359978556817615,-0.9976453673090376,0.0974911960341396,-0.9981020266419266,-0.015756139097683735,-0.49619311694816215,5.339372859405443,0.047823743062241415,-0.9965626230170965,0.42533945605239165,0.2630273000517312,-0.492282291818751,-0.6028569630385946,0.12630564181806092,-0.4055200885577127,-0.08648635605659495,-0.15198183034074417,0.5879380122383946,-0.33482430076840075,-0.14842910450875066,-0.29076732528265575,-0.04838478370939135,-0.2777459677050199,-0.3382391812813767,0.11929383287013333,0.03269204338198321,-0.39224265265182495
3,d+6,-0.18352631461670973,1.5671987685334106,-0.06286411702406866,0.11028280743734156,-0.9120832142941291,-0.8316074522249098,,-0.9948731551377464,-0.4521540120590133,-0.46609236200770926,-0.6790964462917217,-0.99518991904561,-0.572674003889007,-0.9979940011472394,-0.1041105342427814,-0.6011821011684778,,-0.008939333947479838,-0.9964335853841645,0.2425074788088188,0.10743875116081607,-0.4928989097437677,-0.6058745359359488,0.08117895793031342,-0.4426176901862702,-0.0950589661703226,-0.20701657279302443,0.5216042171983402,-0.37168999489552357,-0.1322120470768052,-0.3122607852094368,-0.038265801858603586,-0.24840682578409135,-0.33326612035864245,0.09921661349506831,0.03260882492039705,-0.4003352773053427
3,d+7,-0.26038856487716794,1.6860722079037762,-0.11718922613830272,0.10728640932236812,-1.0032276778390876,-0.9293831409595876,0.6322870862347918,-0.9911051179005093,-0.44283544891998083,-0.46077566739782944,-0.5310978476258196,-0.9966907133452885,-0.005628381872231854,-0.9982838474888135,-0.05662970315567066,-0.5849134094610491,6.970347261078993,0.006371316750101929,-0.9980446484647948,0.3755989791694542,0.5926413384345997,-0.3762702428764105,-0.5998345391361176,0.15299976132827017,-0.37964366300166197,-0.03706871369155603,-0.1337220653765658,0.5200320649232535,-0.3544420246098093,-0.12708928048254403,-0.6467200370964279,-0.07599513179332622,-0.34236692007231245,-0.32559189818839224,0.12569592012088843,-0.08375569245055525,-0.4090169480179205
3,d+8,-0.25533215169753465,1.7531178260448612,-0.07799212998552316,0.0732473190028812,-0.9111071078458198,-1.0732771419272538,0.37410502301351156,-0.9912101143752448,-0.46906331690486897,-0.4700505822002389,-0.4945190186819623,-0.9953896036411927,0.04220108178617548,-0.9990880502907854,-0.03782132076153154,-0.6322990390219361,6.912305715322436,0.030099690495514607,-0.9999636289569943,-0.027295446154277,0.4364121240752568,-0.4079324794877144,-0.6001668020231749,0.18307516792895084,-0.3718088319012058,-0.054466381052802305,-0.15009224065633553,0.5551072275023632,-0.3244100061322248,-0.1284874533092608,-0.22977737294132636,-0.01840745365649047,-0.3244056060824754,-0.32939857413385387,0.11767401933313766,-0.06335192909030547,-0.39441433709568785
3,d+9,-0.16705965000403866,1.199895000904442,-0.15527251278959944,0.04407393184557519,-1.115154684181345,-1.083060148100328,0.28704222990128053,-0.9906125116594856,-0.40925542438972873,-0.46818603599856823,-0.6497095259004213,-0.9954550374372788,0.00284832675117433,-0.9991391215330436,-0.08163975439712007,-0.7315134703399214,6.887691270221088,0.1407731157864542,-1.003291081555404,0.18699864050393059,0.519949534098621,-0.48424659062761843,-0.615440036833366,0.02717271768431871,-0.35442644361977993,-0.19332973433052114,-0.11759152975207032,0.5252126007862938,-0.44652623593502627,-0.131614708458581,-0.08794891639056461,0.027112270418096204,-0.32802717640772017,-0.3547441098062359,0.12235838700595711,-0.03533570487638964,-0.39325608839909565
3,d+10,,,,,,,0.7155032234033931,,,,,,,,,,,,,,,,,,,,,,,,,,,,,,
3,d+11,-0.2147929186345682,1.398203900136992,-0.012225467207018855,0.02053180499699803,-1.019301564297223,-0.9511958619927909,1.2810119550357615,-0.9911730335552945,-0.46972235142142155,-0.4766872340286322,-0.47069929086727347,-0.9962513395776499,-0.008099244859897341,-0.9982098753268112,-0.16607413613308908,-0.5478023342665728,7.1230671917491515,0.06170766389901655,-1.0044577214486305,0.16173559778311336,0.5368064647141819,-0.34736003834571044,-0.6077382301764485,0.1990253020226259,-0.4304467016137649,-0.06310513189046882,-0.08390563483761472,0.5151075891671876,-0.31815552327355423,-0.13534458726784898,-0.2238907726267724,0.09366816726373596,-0.28022956140928157,-0.33455600111259004,0.1368039783191631,0.05356310197712171,-0.4356276791874604
3,d+12,-0.1425068251302042,1.6135908085289108,-0.11968143113724183,0.08410731673906767,-0.9326206967907267,-0.9022487780427954,1.0477389990864208,-0.9914306646820734,-0.4515267814578095,-0.46727249112345365,-0.4931943740438462,-0.997281911512019,0.04675352763954132,-0.9979320353528687,0.06338168407464995,-0.5868219809566947,5.418565242885556,0.07487588625045873,-0.9992909483864012,0.2961132319416841,0.29365335662606556,-0.46259775206094494,-0.603722588778273,0.10853484427794137,-0.39476608485081816,-0.08792441197884855,-0.1885675899378319,0.5210361446450827,-0.3307163945052281,-0.1328070940780218,-0.33162497639553845,0.004436717775698858,-0.28760170109629785,-0.327316272086797,0.0996088857570683,0.03774386449768387,-0.3953847723261635
3,d+13,-0.2231282892677393,1.633400155108306,-0.11806515659647313,0.10158699852581622,-0.9681914508880309,-0.8954970182163251,,-0.9939432695652173,-0.4459617020606203,-0.46523789504591595,-0.5904370833037244,-0.9955954154200984,-0.527435200037689,-0.9982361029589714,-0.04916174873462336,-0.5269375973293243,5.483772392464147,0.014623497973544258,-1.0004070052605252,0.14990780960208783,0.1626348138846201,-0.4701480959236993,-0.6084244306543038,0.09642968186255492,-0.3855968767085011,-0.10404429156733196,-0.2454389792220478,0.5016111767491691,-0.3868742603220856,-0.12968224512655963,-0.230873702933298,0.03467374137002676,-0.2670002256437889,-0.3355329418302662,0.11235810152774227,0.024192247864789556,-0.38775016072166263
3,d+14,-0.26922323881455873,1.6826971314637869,-0.07920941993026862,0.10141420562229278,-0.9485404071963105,-0.8414331066144723,0.8791712979837195,-0.9905194291682986,-0.4454444859054429,-0.46208407072704805,-0.5065266552446199,-0.9962205113484761,0.04125371043765748,-0.9979622091426921,-0.19179469594070167,-0.5375149317260067,5.869861287359437,0.011297929163083158,-0.9967037043023447,0.10638863109055811,0.5962986841114213,-0.3589643957261125,-0.5995767546596282,0.13902250824868675,-0.4289612515605146,-0.06208457378911436,-0.15754314652608095,0.49751491683431087,-0.3563231388399354,-0.12952111580571787,-0.6987887298124114,-0.009310349750519545,-0.36038918634213646,-0.3135781465552456,0.12166721183520979,-0.07656272281431853,-0.39318925105908714
3,d+22 ~ 28 평균,-0.33996037172283883,1.3128854893125583,-0.23538369086539973,-0.07485392189591837,-0.9515787553049925,-1.005340075256224,0.5913936007091792,-0.9919689683994554,-0.5206793479784525,-0.46775637160041555,-0.5593372464377103,-0.9958521515448656,-0.21127061541326203,-0.9985000195213681,-0.07526369852704105,-0.660824887876585,5.521493724961424,0.05872597513321106,-0.9997767259683582,0.1276235999480855,0.3375340868606711,-0.3504051267626889,-0.5965870669321478,-0.05991510242818014,-0.45702403783805506,-0.24112463384709187,-0.23250046765393725,0.3342347013734053,-0.43418066165231667,-0.13829329680707003,-0.38017605384703257,-0.14037238017049256,-0.3336175217752923,-0.42694431975413144,0.14663542494705217,-0.12758583492886003,-0.3996680183942611
4,d+1,0.5879596023026541,0.12882140305294792,-0.336298848392086,-0.2740190607840302,-0.6243160127206793,-0.7233213615119292,0.4942233635387948,-0.9883993069507205,-0.39244351573466013,-0.4836122487232464,-0.6276561945955903,-0.9888879178332732,-0.0355140066034814,-0.9977700117364531,-0.6681974044200816,-1.125976832563566,,-0.46572743940385836,-0.9354360460460461,-0.523318927446004,-0.32281433014242555,-0.5105958228065358,-0.12172680628272176,-0.2995310553641339,-0.1388429862000809,-0.011001793165610072,-0.43362118999874694,-0.25852035588452466,-0.20542857003447268,-0.40470402349560447,-0.6758158502766409,0.7552163326270371,6.783279716204411,-0.24263535789955248,-0.6879671248677695,-0.36576219897525586,-0.5478878832085219
4,d+2,0.6241652909902494,-0.1985599740589526,-0.3773636396876862,-0.3136229514520783,-0.6080508243598598,-0.7224930001833674,,-0.9956072783655401,-0.39903801841950387,-0.48061570477864607,-0.6378006238107102,-0.9896927497076368,0.14980832936619895,-0.9968968246918232,-0.7475519857098304,-0.7537654073374018,-0.1043947323521434,-0.40027548840036975,-0.937754984984985,-0.4754053885607219,-0.3262689565571819,-0.535223581101318,-0.11819543164251758,-0.33791759656834625,-0.1378856982436782,-0.12889603858032347,-0.4184196989950637,-0.2879738196336758,-0.3309173852089079,-0.4071245092121765,-0.6693696913625862,0.7201572356359499,5.913319471586022,-0.3426880985997975,-0.6868362299801055,-0.3758561297428082,-0.5430493443635165
4,d+3,,,,,,,0.5905103128370573,,,,,,,,,,,,,,,,,,,,,,,,,,,,,,
4,d+4,0.1539723622260675,-0.06123970620164006,-0.35508167348869063,-0.29740030327891304,-0.5966219172642298,-0.724854132359336,,-0.9876768107750347,-0.4730852656992329,-0.48488872474856837,-0.6731065132125922,-0.9904466047780967,-0.159261473503299,-0.9979576404321355,-0.6645463576219899,-0.7484490496234569,-0.21566320606006428,-0.46994021263002234,-0.9302515915915917,-0.5767418792340021,-0.35335456195662623,-0.6623763454037822,-0.145942693272811,-0.3552572608931473,-0.1661354829370837,-0.04066438876798915,-0.3941091681636791,-0.2802321948597923,-0.16415623530331586,-0.4111284776366841,-0.656157044486999,0.288954576457885,3.8567415424682143,-0.3921119380683502,-0.6857749706166115,-0.37959223985932705,-0.5583745592509018
4,d+5,0.6936446156588786,0.025705977369206646,-0.37171277401171615,-0.30701777262231666,-0.5953925637323703,-0.7276761620616625,,-0.986939751579818,-0.37233225835167216,-0.4795800736733564,-0.6656722998088173,-0.9945843079309317,0.047774021233702266,-0.9975730464764001,-0.7217822690651932,-0.018071299117617023,-0.2688506331667462,-0.4438998022489699,-0.9372433473473474,-0.5433080415841219,-0.42810718488759786,-0.4718352068795255,-0.11430645750464698,-0.36341781341424645,-0.1073486835003955,-0.08007981211973425,-0.3287650581089431,-0.20827234489252702,-0.21449667329760658,-0.4157416988322653,-0.6638354710503853,0.5603514842100465,4.941383917120274,-0.2587287001316653,-0.6839686395315112,-0.3307903802425207,-0.5526695583667431
4,d+6,0.7078350186662703,0.011481223794146274,-0.36943291298195924,-0.2988430503949538,-0.6005463414252711,-0.7208985046470503,,-0.9938341195794602,-0.40982986455996584,-0.4801089193778128,-0.6682371960135187,-0.9890748327809195,-0.012948393440144923,-0.9974349134231333,-0.6941796511571589,-0.9702142602527949,,-0.46605769570141653,-0.9358562602602604,-0.6303925224495482,-0.4243320914315058,-0.5424903354181482,-0.12477649209389237,-0.4332499222493469,-0.1880701983252826,-0.03644719323972787,-0.38914584046121337,-0.20075478532336177,-0.23355903267013112,-0.40434449375020093,-0.6741976126904412,0.7250116348025565,5.075072864120532,-0.20019805784469452,-0.6897012437614523,-0.33877429535543935,-0.5432690625546274
4,d+7,0.6935870886913656,0.05161613325734008,-0.3378867987176771,-0.30449697098342743,-0.6126446275083791,-0.7220741766761912,0.42521673491420453,-0.9836880662220612,-0.3662287303336685,-0.47489914658943205,-0.6653855922598193,-0.9916976970030026,0.022346833528519548,-0.9978055422293773,-0.5773296085150159,-0.4625487076502862,-0.3164232000111023,-0.46073915270749044,-0.9346588348348349,-0.5203623290472781,-0.3280446869998656,-0.525681642537971,-0.10473510986913188,-0.3631605708708422,-0.17092356120939442,-0.050354523315485955,-0.4064313954329327,-0.22236287179179295,-0.21295366168259192,-0.4007946868340438,-0.8316163601903229,0.709881284636602,6.220729440196044,-0.21685477431346528,-0.6819161712157923,-0.36126246937608114,-0.5481124947713186
4,d+8,0.64149226171874,0.09070583434710029,-0.3423730570382798,-0.27058100944874597,-0.6113448799318031,-0.7115266424822756,0.4145363472257003,-0.986989999047764,-0.40034139247925465,-0.4837750861674055,-0.6351579767386414,-0.9887136780043971,-0.0448902500927676,-0.9988338827040381,-0.6483772434244598,-0.6530881233464058,-0.11845674371276287,-0.4649804628085649,-0.9318135735735736,-0.4991768313294409,-0.3048149719251694,-0.533667984969644,-0.10956159416686567,-0.33395981094738775,-0.14409120375079376,-0.09628681774119462,-0.45422212874398926,-0.23019643737075302,-0.21263087839242273,-0.4012885138025919,-0.6344886427430706,0.7573923864202105,6.5435930674607805,-0.20742602117317477,-0.683937086275812,-0.3849371839542023,-0.5451815778867954
4,d+9,0.6320305754409054,-0.19264128256790863,-0.4011259111254054,-0.30906948524534916,-0.6003484184433797,-0.7250066483527965,0.5012074774873466,-0.9939120630596556,-0.44208651732209714,-0.48236464865779544,-0.6315317517804292,-0.989946954736002,0.09545401365336617,-0.9988991879048861,-0.8057498402075717,-1.3085334531906123,-0.3456692741272516,-0.39897818704753285,-0.9395636636636636,-0.49501666515039544,-0.31152919559681497,-0.5376263716155745,-0.138137779557516,-0.3455113045409924,-0.18168797139900103,-0.1472200696744693,-0.44474322803748323,-0.250463571628184,-0.3564675237569904,-0.4034366742765607,-0.5692604895995602,0.8534613786739988,5.65334018854903,-0.3090944539554355,-0.683021299430982,-0.37275422471085223,-0.5419182598726568
4,d+10,,,,,,,0.49744266829997047,,,,,,,,,,,,,,,,,,,,,,,,,,,,,,
4,d+11,0.07364648921217029,-0.0170480049524158,-0.36758559423928666,-0.311148421054558,-0.5970828536118259,-0.7210494947362327,0.5374608679066749,-0.9863638081284759,-0.5185538947869185,-0.4903678150831327,-0.63434404379356,-0.9909107133369682,-0.17232092219939604,-0.9977109534415758,-0.6840905494693347,-0.9208260569874459,-0.1507478484290249,-0.4639312206303383,-0.9400548348348349,-0.5414546891730038,-0.3335816755522051,-0.6504368324405458,-0.1237590298449286,-0.349934042181355,-0.1675331254015444,-0.10064392814776511,-0.4150720840706884,-0.2707763522269066,-0.17222108169984096,-0.40605161916788124,-0.6315052856730423,0.20783112609553822,3.717435978527639,-0.41025883957434034,-0.6802921284203661,-0.34165130413269146,-0.5656873776553129
4,d+12,0.7101677656776135,0.011948905625323934,-0.35930899937879296,-0.32900695381325895,-0.5945023376749644,-0.7186384357166262,0.5025561316880418,-0.9903512297693212,-0.41409136478218966,-0.4814030053635106,-0.639258231969242,-0.9929948474610573,0.023878122937488064,-0.9973556772724513,-0.6834874068549595,-0.3984346023081614,-0.4282035386637127,-0.43792487699708565,-0.9406749209209209,-0.45885465485989274,-0.4115047303004381,-0.5119525310111821,-0.12645322420582453,-0.3053131666314196,-0.1391224921637314,-0.16120210057225015,-0.39218765251530713,-0.22544732641688645,-0.21081488981094457,-0.40420853712378785,-0.6829485757147981,0.6271738797187079,5.00343733833449,-0.26159682245157745,-0.6906111566784046,-0.34064874463827877,-0.5393815978831693
4,d+13,0.6520028753566901,0.036938167866894356,-0.3583355285405689,-0.31258385142836814,-0.5779040268111274,-0.7222261716291666,,-0.9917473344904498,-0.3823034072208927,-0.4795556685652268,-0.6312970824065324,-0.988355259150708,-0.017225804694928373,-0.9977444909219708,-0.6740709425037865,-0.2501119273570716,-0.35372237198878975,-0.46566985362876995,-0.9381147687687689,-0.5777426738702873,-0.4053759827357201,-0.5465600986747667,-0.126872681719145,-0.33404982855387344,-0.23867103879152002,-0.08504231541021282,-0.5097030574232772,-0.2261444416795473,-0.2517774515576437,-0.4026900458031755,-0.634882161507823,0.7033279221287391,4.96004911963673,-0.22711441709293437,-0.6862574188044478,-0.3404410304103601,-0.5456508257982337
4,d+14,0.4664823162020761,0.05073655651121579,-0.32553787119665306,-0.31447802927734053,-0.5903950424093388,-0.7184188171521044,0.3865796979514487,-0.985818945635479,-0.3903984597694798,-0.47646068384833884,-0.6244411275974092,-0.9901272958147669,0.01652244840842306,-0.997394260735818,-0.6692790769029141,-0.48921967646319414,-0.40284348779114204,-0.45799213714718134,-0.9407217617617618,-0.48582547794779934,-0.33001259662268595,-0.5321050202908669,-0.10901488525109035,-0.26187093814720447,-0.16387881073125765,-0.12311160250312082,-0.46836641553898495,-0.23301272800762587,-0.22515780734699797,-0.4024267156707037,-0.8561285850126539,0.6790733888957508,6.314714153601397,-0.2162551360149852,-0.6829860995360425,-0.3705921137786593,-0.5428838852186612
4,d+22 ~ 28 평균,0.4106439130037164,-0.10129663229041577,-0.41323730879719395,-0.4037727240069572,-0.5822208968322087,-0.7184915793925181,0.467233236723099,-0.989773431581661,-0.4972150323217037,-0.48196887964259055,-0.6465575446067067,-0.9896314891565287,-0.10677569895687844,-0.9980819631147816,-0.7116298265419483,-0.7120602327436663,-0.3405528652000027,-0.4425167439784681,-0.9422256553696554,-0.5154027618835811,-0.3917997770015536,-0.5767457345615585,-0.1056449864137054,-0.4441272688202973,-0.3026509542279737,-0.3310189086213916,-0.5693604585215549,-0.30314888032253295,-0.33399880371052093,-0.40838921809991113,-0.7056344686634556,0.4424105643099439,5.218810664351001,-0.35363779439260534,-0.676510282777812,-0.4328852828943401,-0.5474325850444115
5,d+1,-0.27491257881665276,-0.33183556713745743,0.10351869919632813,-0.17669577120104374,-0.30156998121855055,-0.449605683722334,-0.8577007619807263,-0.10889497468818964,-0.36618128205815553,-0.48512910772657064,-0.7315999781815831,-0.7243289647878887,-0.42457445808539,-0.9987891883650654,-0.2134162266417639,-0.8990441372835556,,-0.2271557023944898,-0.999140113171671,-0.7948345240588824,-0.6563378380318481,-0.16044396176962644,-0.6122538309201463,-0.7728003985382732,-0.7161398484436652,-0.3535640722922935,-0.45049855387564297,-0.4844588384067076,-0.2543139747352726,-0.18951736629546637,-0.7861381213477848,-0.22256859962256012,-0.6613137272000439,0.7750336628923874,-0.5712713095093017,-0.5456271491707498,-0.6789639879431882
5,d+2,-0.2557677350299442,-0.377192126830708,0.04896211499727216,-0.20483959439064292,-0.27196628790817423,-0.4478350466152494,,-0.8650112273721625,-0.4242428074848623,-0.482114645009923,-0.7388960672642582,-0.6583369350343863,-0.31835441968758676,-0.9983150759895003,-0.4946889484703061,-0.9905408276525172,-0.9765042461749692,-0.1581226837913247,-1.0023457371833502,-0.8012001643706916,-0.6633374605128814,-0.2231278041620084,-0.6106621437963871,-0.7751819822606796,-0.7618698388267041,-0.3678548284262737,-0.44702540552366116,-0.5205351210386389,-0.29038509733553375,-0.19342974832009935,-0.780994074811029,-0.1615137147316935,-0.7264170628538512,0.6817045840139979,-0.5696462135302166,-0.550213086315372,-0.6763433746554144
5,d+3,,,,,,,-0.8580419184958754,,,,,,,,,,,,,,,,,,,,,,,,,,,,,,
5,d+4,-0.467376270797103,-0.4940186597151533,0.03775527109835154,-0.21256746334227727,-0.2506274844844133,-0.4526019483628987,,0.08548102311485732,-0.48026711170634634,-0.4862755609504068,-0.7643350627233905,-0.6530702645155011,-0.530132279048828,-0.9988910646894809,-0.34608447521452723,-1.0520312595101098,-0.9785622685213755,-0.1985589703489178,-0.9997615074221969,-0.7996126609973269,-0.6731287559085547,-0.2579615207066954,-0.6283525614924366,-0.7776863135408761,-0.7849027057786784,-0.3920152146538182,-0.5029982842556887,-0.5232917501503228,-0.2641840933521984,-0.19944746335406605,-0.7728246948938745,-0.27372628849112957,-0.7198076911350059,0.5626241675786482,-0.5684767403549086,-0.581505841896908,-0.6856342169932819
5,d+5,-0.21950561271699554,-0.3540879397653745,0.021277128360987645,-0.2202853221009692,-0.24876866307593365,-0.45810176925554974,,0.08344913676918425,-0.4024815591236832,-0.48101239026035086,-0.7589827584008786,-0.7010684272924911,-0.40083030655015556,-0.9986822425876151,-0.36121353599647693,-1.015876556616584,-0.9819672656243433,-0.21524772269925213,-0.99916755193678,-0.8100338772984551,-0.7126935346394734,-0.16727645075850045,-0.6154169310282291,-0.7901129951902739,-0.7581307736486006,-0.41110230085797733,-0.41369928005802736,-0.47866525477565747,-0.24951404725451468,-0.20440238471865096,-0.7781576454150166,-0.21377055699872347,-0.6782872020607896,0.8417757507820937,-0.5659416381366573,-0.5481437355955523,-0.6787274855224356
5,d+6,-0.21929856638483589,-0.367127555387759,0.0059689440882173,-0.22488026583226522,-0.25768742800309297,-0.44461574474163557,,-0.5539136443762269,-0.40942800656067135,-0.48158953227341006,-0.7608094999963042,-0.6642799278937618,-0.426383447488959,-0.9986072407991309,-0.2458627606382899,-0.9604031137819725,,-0.2385029618535397,-0.997593377681583,-0.817037241627137,-0.6866658371140718,-0.23379762055661818,-0.6167225004990533,-0.7995571079562649,-0.747628790210154,-0.3931000744162203,-0.5163637565966761,-0.4685616500134667,-0.1610758444766906,-0.18963954492384075,-0.7851782700548514,-0.21945842979706512,-0.6779548429331561,0.8707884945721466,-0.5737981750918053,-0.5454753418763186,-0.6772545118804155
5,d+7,-0.2249500137397841,-0.3448880696520818,0.09771175389483965,-0.23152444853203502,-0.2801663236616987,-0.4470440809609045,-0.8606157437636539,0.02031774436576465,-0.34274950461719655,-0.476405323273483,-0.7587527275984975,-0.648607633585101,-0.3846338796154966,-0.998808480275669,-0.30997222359899096,-0.9489265285839071,-0.977845386947676,-0.23181231913624406,-0.9973139474045507,-0.796594182662021,-0.6624410531901094,-0.14031755354850947,-0.6137136175931304,-0.7883368005488801,-0.7288225005469359,-0.38876528496095464,-0.4839599346196407,-0.472024587986505,-0.1605498253118832,-0.18490377075769174,-0.8879035090596912,-0.11150330352664119,-0.6746903062772455,0.7721852754700081,-0.5629551218031142,-0.5306122461653353,-0.6793003698642378
5,d+8,-0.25125364026500907,-0.35218342160583793,0.06184580349434537,-0.17032484688080463,-0.2774132798722828,-0.4259218023972515,-0.8612581667373618,0.19124253718429016,-0.3935125684218194,-0.48530711652043945,-0.737011389567488,-0.7402328501292302,-0.4296410974076022,-0.999366835954821,-0.3138048015380361,-1.0167402718203555,-0.9770766746238,-0.22185420743573042,-1.0002942938171557,-0.7912811695656734,-0.6478858080191544,-0.1682459446522056,-0.6122695760539208,-0.7836822600076903,-0.7593721726785033,-0.39172675746752966,-0.491295488524362,-0.4699681338190797,-0.26189634398075906,-0.18687733447583538,-0.7583328908045045,-0.2016746629253182,-0.6702129582203363,0.8121427872279698,-0.5656836171303019,-0.5586201662700391,-0.6774950905799197
5,d+9,-0.25393025076672593,-0.3768992927687464,0.004818413519664436,-0.20073027760239665,-0.2576558977549818,-0.4529317268504878,-0.8598914553714947,-0.9631152162243308,-0.43833512044576134,-0.48376749891827564,-0.7343697481465998,-0.6011299311124696,-0.3559032659275667,-0.9994022945705908,-0.29004510537916645,-0.9221950893055652,-0.9931026630724099,-0.155673570010298,-1.000195808669263,-0.8194521830607019,-0.6544678006009368,-0.2241722381693358,-0.6294306776118411,-0.7806344006675904,-0.7599789592004951,-0.41882969873446996,-0.4730624658460447,-0.49007011338742024,-0.3077489127416886,-0.1897956282598627,-0.7173725665120144,-0.13338521724015476,-0.7329142100850804,0.6911659485895127,-0.5645710257999855,-0.5646436664218222,-0.6753348406897748
5,d+10,,,,,,,-0.8604859850703075,,,,,,,,,,,,,,,,,,,,,,,,,,,,,,
5,d+11,-0.5024622972348066,-0.4740505572840544,0.012320340035246999,-0.2266997344117402,-0.25194533557313004,-0.44502723797637433,-0.8610381097427118,-0.41510304649628227,-0.47242226535723236,-0.49183820370480685,-0.7364237461395534,-0.5721696888259581,-0.5302686611380273,-0.9987571216175646,-0.4461792789591167,-0.9778332594175231,-0.9801674066844722,-0.20290992130871235,-1.0002141117840047,-0.8135732925119823,-0.6610521198652465,-0.23571597888926757,-0.6207632854290315,-0.775391496412755,-0.7612949446421571,-0.4103282801526709,-0.5240304334593539,-0.5221505897381463,-0.27793590077961533,-0.193200147631051,-0.7561622499172823,-0.23457513725884613,-0.7224260266623928,0.6161206743712055,-0.561097024567014,-0.553608247443022,-0.6892287229912326
5,d+12,-0.21239043781382289,-0.36318827920030394,0.05354997449584051,-0.2452671175887611,-0.24678169103328965,-0.4403264699063953,-0.8550072636787465,-0.16743454792067441,-0.4199272526634945,-0.48283231228855744,-0.7399556859177948,-0.6635507570368597,-0.4109772744988815,-0.9985642181273432,-0.23372741265704655,-1.0107530367985027,-0.9836950238930108,-0.20371241884982988,-1.0001062062065045,-0.8037200381151944,-0.7018059064369593,-0.18375544922977402,-0.6118396852682563,-0.7729655549087777,-0.7413544516739915,-0.4254234389000899,-0.48951622667200645,-0.4829177501974957,-0.245580528768887,-0.19097585500473774,-0.7905067960863756,-0.24729234298192745,-0.6798413981786917,0.8626384367294186,-0.5751410049204376,-0.5604440568114454,-0.6711563632986532
5,d+13,-0.24309331417358598,-0.3377658224777747,0.04700911254150096,-0.2424646613208632,-0.21511238886387263,-0.4474502347910721,,-0.10420662051184557,-0.3621241134683368,-0.4809462312056562,-0.7341941609594542,-0.6366296893934299,-0.4293458725510729,-0.9987753313867067,-0.30251655635798996,-0.9394431767807635,-0.9925882948403055,-0.22795707616435001,-1.0004662398294977,-0.7983819642810592,-0.6748624805094189,-0.2206008769139076,-0.6207435280217853,-0.7768741932104343,-0.7697771288875073,-0.3968503825120373,-0.5283894954998727,-0.48282627208784684,-0.1824995262110744,-0.1871595787223698,-0.7584608465869443,-0.19863218007425268,-0.6893700216775096,0.8590035287142247,-0.5690383291558923,-0.5425447401092826,-0.6782841599740382
5,d+14,-0.32464164548815616,-0.34826790848208766,0.11544507958335666,-0.24216385833757362,-0.23910766289196655,-0.43989853692600334,-0.8606621532636451,-0.2544095601056042,-0.3298391183812003,-0.4778679599955387,-0.7292815916461481,-0.6098446399129264,-0.38665135946544843,-0.9985851677023361,-0.34527831719774366,-0.9392056361976874,-0.9870859506551279,-0.23134786863775694,-0.9982145343711628,-0.7908320266806548,-0.6632599685245771,-0.132073462449587,-0.6113657810584496,-0.7667915401527846,-0.7666669247111035,-0.40200548348687554,-0.5075006322984971,-0.4830142739486265,-0.18635288562885063,-0.18722816247030288,-0.9039047272105878,-0.15445199799882314,-0.6764140730264434,0.8055653095388707,-0.5644602572502743,-0.5435561461947573,-0.675939485147608
5,d+22 ~ 28 평균,-0.35461046692413795,-0.4260343741348151,-0.025320097539746268,-0.33048451988888405,-0.22416078788426036,-0.43989469630166267,-0.8614565972831207,-0.15738193468319717,-0.47100572278951514,-0.4833654482488975,-0.745198461282999,-0.6336667974476545,-0.4800746282946303,-0.9989585678925671,-0.3251377306693314,-0.9765461867885843,-0.9870489148880075,-0.19908282018528572,-0.9991174980761263,-0.8113616014799779,-0.6885929219437038,-0.16766237731750086,-0.6070454005910713,-0.7977196173073295,-0.8007729404140606,-0.5027557134192975,-0.6206121631333206,-0.5459871997192629,-0.32594650050502433,-0.19550402426956823,-0.8051366754470092,-0.3459914709112447,-0.7148820183178818,0.7146428835646884,-0.5556334460794788,-0.5968546308270077,-0.6785700589459883
6,d+1,-0.5141590863065814,0.5570446689547116,1.1966198181567818,-0.3368717515304153,-0.49871643044993474,-0.45041448701718706,-0.6982945832091694,-0.2953861676487613,-0.34985007956933445,-0.4649289318791976,-0.49055853983120773,-0.03929434563315536,-0.27570886260117317,-0.9987845735553541,-0.2001736939550467,-0.9845411317078012,,-0.464710622677863,-0.596298305546038,-0.018113867448579478,-0.4897549489255626,-0.32087239621248415,2.4224156634070133,0.1621666022242853,-0.578997212381116,-0.6956959967519906,-0.48390161272444476,-0.459343902015043,0.5293125738781668,-0.4320386467680603,-0.47392801607197443,0.45936694083573065,-0.6169853909857872,0.23132255336905266,-0.42564654344579117,-0.46771831099381866,-0.40729951837522527
6,d+2,-0.49606832169830656,-0.0591906195625981,0.681903685802728,-0.3730222173097683,-0.4773349813397784,-0.44862873361047606,,-0.8575665715433255,-0.3326224726358604,-0.4618282104398416,-0.5147589886326832,-0.14912476614732026,-0.1152658328998075,-0.9983086541783266,-0.5317130821275068,-0.9536285387776687,-0.9765777473008439,-0.43659437682278274,-0.606047062129002,0.002300770057932412,-0.5407415433435545,-0.3745605619133958,1.2561707543230922,0.4299007518058434,-0.6416596954260932,-0.6688041229612932,-0.45835662568714575,-0.3756330588194789,0.4849564705259095,-0.43461271471075,-0.46494555150564626,0.4498467079551064,-0.6834370310024309,0.29534588683844604,-0.4234280852986808,-0.34244489092009067,-0.4039541669405606
6,d+3,,,,,,,-0.700899048389193,,,,,,,,,,,,,,,,,,,,,,,,,,,,,,
6,d+4,-0.4638636711774492,0.32246182225071035,1.4299912945611502,-0.4015990307896836,-0.462038845735193,-0.45339871560852163,,-0.18915293665212837,-0.3427225884730959,-0.46627171187862126,-0.5863268014761818,-0.2738712396236192,-0.2164313952701759,-0.9988868381646503,-0.3053647846255582,-0.9652592653368676,-0.9831519645330917,-0.45982753735062537,-0.5357687574410377,-0.03781004325583581,-0.4879493567766968,-0.3740720614791998,1.164606542146185,0.3704530483816594,-0.538342204051625,0.18033053000138874,-0.36443413197234975,-0.4530841479099752,0.4408534574374315,-0.43867582262653826,-0.4425980505253123,0.3148751218010094,-0.6317899839164153,0.20805368708334632,-0.4220843540509994,-0.3296176982826818,-0.41461031783379154
6,d+5,-0.47902120326296854,0.3969382301476452,1.1961296253743707,-0.35392171489298274,-0.4606146164266485,-0.4588739441068194,,-0.15018067858653553,-0.34512152277976255,-0.4607662142365447,-0.5642004242842922,-0.5549550429380564,-0.09253353494219582,-0.9986772201716352,-0.29173480906262517,-0.9833401086361505,-0.9774096382241458,-0.4605185033309919,-0.6035807700728841,-0.06241948857343839,-0.5237674930958746,-0.33856988021139867,1.279757633326671,0.5012663055982343,-0.5444717704367522,0.5178083396662202,-0.45360849298802147,-0.39559015283633675,0.5346526816925202,-0.44250833336393763,-0.45461460562702477,0.24934279222365416,-0.6299416204838993,0.2645062525238968,-0.41868943836842587,-0.3141173200656853,-0.39651278223646697
6,d+6,-0.4709283886006328,0.39907795069254365,1.2098905973076672,-0.4164514879619601,-0.46715575896722505,-0.44540724311702673,,-0.08190285793684478,-0.3647021422543152,-0.4613062870996649,-0.6059615855358441,-0.045894871997819144,-0.16743543788703574,-0.9986019325261508,-0.29646858443141,-0.9661609983254782,,-0.4670047136207117,-0.5956705468824177,-0.29520170013750674,-0.5034920648845486,-0.38391056204232066,-0.3252531283527095,0.40548401660489397,-0.546513014697237,0.03600470152854702,-0.3024527558222582,-0.4622560393121655,0.7150695588005659,-0.4319580634705968,-0.47112350008961096,0.3377607558518456,-0.6471343759153971,0.2740537998074997,-0.4291768081065606,-0.3523702983487405,-0.4130665915208978
6,d+7,-0.528509333385801,0.39684133497827545,1.3717386420540993,-0.446023589064456,-0.4832922137120242,-0.44784494161754435,-0.7003512925970219,-0.22256086372903916,-0.3389482836314869,-0.45590634138906,-0.5973440667586803,-0.3456489842659364,-0.14787721270846887,-0.998803938993907,-0.17564913202645627,-0.9709957068827823,-0.9775954828840436,-0.45229235656794775,-0.5633370946083983,-0.1748493880275009,-0.5021985593558356,-0.2984741384133351,0.847012970459943,0.29653906224188364,-0.5147506035280192,0.2635297798729359,-0.37499573487883875,-0.4441202597181471,0.7131672556598351,-0.4286129676414122,-0.7284372348535385,0.48174443444356113,-0.6258613756335834,0.2549986856007211,-0.41448280726398967,-0.3108280711397227,-0.41496896189040633
6,d+8,-0.5260295100886206,0.48671138956462906,1.1332144903521937,-0.33688494153917575,-0.48138744372766246,-0.4267335586146008,-0.7055755873561393,-0.3495473642209427,-0.39433358092139614,-0.4650951957442805,-0.4920362389951137,-0.06927758980933567,-0.3129040890525764,-0.9993644227540387,-0.29426935783299685,-0.9531010173485237,-0.978620883391868,-0.46382970581939087,-0.5438252987195864,0.10725057821106175,-0.48687656971041554,-0.32301122116534187,-2.740949278440305,0.3299552309397571,-0.6068090056889831,-0.5335047511692632,-0.47573559023297873,-0.46425102836783544,0.5170201670087998,-0.4296424834709408,-0.40776259165517664,0.4243310687939882,-0.6310387792944403,0.2252045204145331,-0.41810535900515866,-0.43492681172643105,-0.4075938569545609
6,d+9,-0.49068729031182673,-0.008147004019684193,0.32895543311616376,-0.37983272614080893,-0.46706209321386555,-0.4537318025115749,-0.7007948398513445,-0.6829714635915614,-0.38753836910861594,-0.46365490654316016,-0.5143916471700509,-0.10471369687304702,-0.17317969328118965,-0.9994000165144997,-0.3154397709941703,-0.9992499902034907,-0.9773534667155928,-0.4437894101408352,-0.6203355179686405,-0.09425801486106566,-0.5331525248654088,-0.3761591869927315,0.910682212267954,0.49321409460675575,-0.627680995788528,-0.24852242509110348,-0.4560937134522815,-0.39915081263812485,0.45673992248147965,-0.4316892489405247,-0.2984810249117732,0.31087029679307626,-0.6877305533563705,0.3294663322626394,-0.41676511487914447,-0.3156388172374044,-0.40530649984607864
6,d+10,,,,,,,-0.7039313222913749,,,,,,,,,,,,,,,,,,,,,,,,,,,,,,
6,d+11,-0.5234411482843794,0.3590815311461742,1.2298316298144754,-0.39114792734835485,-0.4628873472656256,-0.4458342420219132,-0.7053020212376324,-0.13585414984095737,-0.3533287801144457,-0.47193315306881284,-0.490364193449782,-0.2556009176964007,-0.22878329467117983,-0.998752384590711,-0.2802643864382345,-0.9413172135164661,-0.983155384248567,-0.45981418311613603,-0.6251534500594756,-0.07608090074961932,-0.4692296609389166,-0.35667323976161214,0.6008879512085303,0.15641367938411996,-0.6870295822292422,0.14424329846868242,-0.34144878569322457,-0.4602476328224642,0.4071849398935889,-0.43411730792213166,-0.4032571190162664,0.20928096916618869,-0.6338828775035498,0.22976302279549118,-0.41230711366321554,-0.3722517578141925,-0.4302429229520417
6,d+12,-0.45720241528751576,0.4323949820065982,1.1529684504213147,-0.3480250707458284,-0.4592586011149536,-0.4411541959883444,-0.6920903590496232,-0.1773749804810643,-0.343548321902922,-0.46265468989247105,-0.5119741416982364,-0.47238757291513983,-0.08820837182954655,-0.9985587458805146,-0.17322824131383516,-1.018584722689781,-0.9760457774604392,-0.46526857061353566,-0.6263697661726413,-0.1946104795858482,-0.5000891420374123,-0.3434434413793984,1.1070797786066524,0.09932096024235357,-0.5898624650603603,0.4842579783897198,-0.29789862396856004,-0.47183957020227324,0.5443471713557089,-0.43248116347176,-0.4860610114840378,0.24524066655095528,-0.6334793385672862,0.3221622317552637,-0.43095553750825194,-0.30655109008254233,-0.39650843879633485
6,d+13,-0.4798185276859873,0.3324824454617134,1.3064382562508339,-0.41761748473638227,-0.43669999798683096,-0.44826555135548396,,-0.14298920866746725,-0.3383841325953608,-0.4607475664914027,-0.5375444633452638,-0.09196073301348386,-0.17987311633561587,-0.998770663763398,-0.2286523441533974,-0.9669153138972122,-0.9772824834172119,-0.46892904955826614,-0.598455755892426,-0.05144458660391837,-0.48155220900145,-0.36956823792401666,-0.1157628231963526,0.0855435666216314,-0.5935673984593279,0.48458224609498013,-0.4427713694140015,-0.4438095610245008,0.6703228928363935,-0.430281959618207,-0.4086194394716432,0.33885615160306876,-0.6593396860410585,0.29790927533705636,-0.42271809110808445,-0.3613124864839902,-0.4059227606700039
6,d+14,-0.4938122351075583,0.43580516162503014,1.3583873272615026,-0.4187706466176646,-0.45375884247926496,-0.4407281723379039,-0.7002279533869546,-0.2556860742756668,-0.33815319722533904,-0.4575393714063809,-0.48427863369916785,-0.23619183041861255,-0.17960259876921997,-0.9985797753013723,-0.3022220127319003,-0.9700271125096973,-0.9770879821936954,-0.4582815611098723,-0.6208420615116711,0.07464527601402383,-0.5014560854734501,-0.2879933764145189,3.2912991290911164,-0.11142521861441859,-0.4841199602473188,0.34286982982487907,-0.3800260114475126,-0.456401869038948,0.6695653863351781,-0.43021400169585305,-0.768495325236795,0.314774403002386,-0.6284770246300009,0.30217368238438747,-0.41656088849003525,-0.317232336861318,-0.40542360350470275
6,d+22 ~ 28 평균,-0.5427207879271798,0.20692930115617233,0.9911938035718365,-0.3754805088161227,-0.44297826435406656,-0.4407028639491793,-0.7046918457926531,-0.26544051634820126,-0.43444676068117816,-0.4632460277862519,-0.5479734875976158,-0.16264916696068543,-0.2851562977249772,-0.9989545986451099,-0.2959320045898216,-0.9760258056598565,-0.9781327641417511,-0.44585913143955036,-0.6244219924014566,-0.19731534611691318,-0.5196060159637603,-0.3102986429570924,1.0303673981157733,0.00495522040495264,-0.5668879555641865,-0.12286769361416167,-0.4495529894167383,-0.4147781954952764,0.39287165657863216,-0.4359705467365858,-0.5234314898246946,0.2533404491062157,-0.6623380991490175,0.12130441186854408,-0.4047506484469055,-0.43681101381929693,-0.4097247293433336
7,d+1,0.17853346711249438,-0.7554996353249392,1.9497975755310866,-0.532855824145919,0.30608133924988007,-0.3127613772953817,-0.9935770811724768,-0.4848635422711131,0.17790733735603573,-0.6342403119301693,-0.666582934012204,-0.6632827720545329,-0.08578487105620661,-0.9988924916060044,0.8267273387609497,-0.9666622345979464,,-1.347402172196507,-0.4437562737955071,-0.36092031359941934,0.09430694542112154,-0.6273862427960271,-0.8743910183865544,-0.3196282245835681,-0.6858135816168439,2.219699209828338,0.3540923658530171,-0.11135741616680196,-0.2939645243513993,-0.3795836030640517,-2.2576979431325612,-0.47448843196756635,-0.2020615432556523,-0.009581665496624838,-0.7241755445184291,-0.12360041028642488,-0.606802239878057
7,d+2,0.17527309625018797,-0.7699329715413398,1.495774376676081,-0.5050744348669288,0.04060404391408483,-0.8120530505874948,,-0.9004996804197122,0.04011246725733933,-0.632224320687224,-0.7067889408731457,0.1726482955404066,-0.4144088977131096,-0.9984588292422759,0.3330326626214383,-0.8181600218485565,-0.9152908237236177,-0.8915222186080116,-0.4728778434642346,-0.13348129926096156,0.0459311336669388,-0.6527008267462758,-1.5559087060167116,-0.3250842535564478,-0.8306376840590436,1.9503929466762762,0.29575734115189467,-0.15385972440593995,-0.40536981911703013,-0.590868825890705,6.534614803895608,-0.3271606672723284,-0.12694869097896178,-0.026981228623368655,-0.7230769241249833,-0.06518274565714186,-0.6038349557069737
7,d+3,,,,,,,-0.9928005667145406,,,,,,,,,,,,,,,,,,,,,,,,,,,,,,
7,d+4,0.20191946049449852,-0.8263161922026179,0.928828549638005,-0.6303380212013665,-0.11555467770163108,-0.4401421487482326,,-0.5385548626080645,-0.06051707390326883,-0.6356479761645971,-0.7907739940728071,-0.41521517032544675,-0.80039128309343,-0.9989856761123175,0.4598200158782333,-1.0670116962983591,-0.9186664164532345,-1.2619663118035718,-0.43480840340785853,0.045008295276303394,-0.038122470523283165,-0.6564701367462015,1.510977061460844,-0.35136900963147005,-0.8106520698348493,1.7077109036221827,0.20279268609637296,-0.23490400353104357,-0.4429860902202528,-0.6174885469297708,-0.8366396692453499,-0.22614395131935577,-0.14395784751992285,-0.16542779380825148,-0.7224943052571748,-0.3021763184385918,-0.6460311052459468
7,d+5,0.2443438810611932,-0.7727296163763064,1.7190885525991746,-0.5317139029690963,0.4773844643146332,-0.3145230045872397,,-0.5687339970111487,-0.07354150576642633,-0.6317686788846701,-0.7590594262155003,0.36858586525885323,0.1514587918036533,-0.998794670158959,0.6773766552509697,-0.9193615584222447,-0.9129122558914309,-1.1777028425315468,-0.47030657521446245,-0.22310084124001148,-0.10501402024689872,-0.6741495955411201,-0.6441812823613382,-0.2606231565380375,-0.7956855076400804,1.510829310918616,0.25263723926659143,-0.14485661196282298,-0.3281598475375686,-0.19409040163682736,-0.6715445931270302,-0.45278373713199954,-0.22707866492639645,-0.08977546879168646,-0.7207974901258428,-0.13566483940023902,-0.6421666578876377
7,d+6,-0.25862613307725246,-0.7411656487478334,2.0139858095438328,-0.599072449887772,0.35178025182278994,-0.4316855003521411,,-0.6286669017372257,-0.09191532258930411,-0.6319445685984452,-0.8683823377762058,-0.38548402431079004,-0.06794579405854254,-0.9987260673243692,0.7606117711882192,-0.8050930168909359,,-0.9366314522044419,-0.4527627882417589,-0.31236195165006486,-0.26644457582745945,-0.8229127644914713,-1.8743524841823425,0.20059455288103148,-0.766673643400996,1.3997133358491727,0.2549653622438367,0.08306561086660862,-0.6117081329734627,-0.7534955517787241,-3.639556816576647,-0.5362336796546001,-0.4672781628228226,-0.29421792680127595,-0.7258585517558557,-0.089974518399568,-0.5892641008309782
7,d+7,0.052258194976339434,-0.731759378302412,1.7645061993351643,-0.6042124413248916,-0.4484104084062383,-0.2787610319950701,-0.9918536590416503,-0.5332459956843129,0.036052833464438744,-0.6282134021559219,-0.8695550296025816,0.5281510150904973,-0.19132464056588777,-0.9989101375819045,0.7524478064299864,-0.9170068302855332,-0.9171880076313722,-1.0284916715921772,-0.4890862168449796,-0.442698320313262,-0.12472126247026043,-0.6605275730834924,-0.9273941623779631,0.5686730234595627,-0.6970283200088796,1.3742061590227592,0.17602723764437186,-0.04476865726269429,-0.6086943043091669,-0.4398114697236324,2.867715779665564,-0.4835118099260982,-0.6182696875831563,-0.006927355408195659,-0.7188410476936136,-0.3067627489213436,-0.601352703709767
7,d+8,0.2775650966204255,-0.7231031966082447,2.0171939895751545,-0.5528705370778506,-0.5008636768724052,-0.5819055247291901,-0.993020980589285,-0.4542796599393163,-0.027378117927367926,-0.6342934272534966,-0.6340125676933867,-0.29471234462233303,-0.18508058497640598,-0.9994208558337401,0.8830351832055534,-0.8365223497597506,-0.9199300748803891,-0.9703765172592581,-0.4520783451685303,0.24223230968975032,0.09826052651593288,-0.6383140363149545,-1.194368238706658,-0.2178875485895481,-0.7686259966350212,1.8906175046265663,0.3659068191236909,-0.07149088897203296,-0.29313079075322973,-0.5479694392981962,0.40153350210107935,-0.20427962668402636,-0.14218055847455752,0.020516720353455642,-0.720564417827053,-0.12154135820926433,-0.5999589494055314
7,d+9,0.08449164246624469,-0.7848852323960961,1.3727886385622294,-0.5388761819866169,-0.04697977186883086,-0.18856259854573906,-0.9919822149453802,-0.920181124012352,0.044263947968631326,-0.6338257733038666,-0.7138155248352647,0.897070727243086,-0.5751525494500984,-0.9994532892143515,0.792244683222773,-0.8883367475577185,-0.9138860911174119,-1.233516583522397,-0.49351644629287106,0.3124907748713707,0.014205741907127109,-0.6451075720379521,-1.2870203186529265,-0.13014740595008867,-0.7850509006846447,1.8814693964022573,0.3906903582637312,-0.04968836304681528,-0.3952903174055826,-0.5863924714048366,0.294514663065412,-0.2459353332908318,-0.15657927687481174,0.013387716490843287,-0.7199036013731452,-0.09632731141957492,-0.5946988734795734
7,d+10,,,,,,,-0.9929687091004047,,,,,,,,,,,,,,,,,,,,,,,,,,,,,,
7,d+11,-0.005122130647568577,-0.8181369475678796,0.9389915734330747,-0.6438288639434513,1.1260680829245058,-0.47734568623550394,-0.9953251661966315,-0.5871329021029262,-0.1113968622330054,-0.6391314760448448,-0.6271581020696729,0.009276744897363062,-0.8507351310572183,-0.9988631607084472,0.17471079087151262,-0.9362746020861334,-0.91166386600294,-1.1682845884567015,-0.4936983180133594,-0.4609984621916191,-0.046185704578696696,-0.6583666648682261,0.27680714501369774,-0.29244959566650053,-0.7821573378009706,1.6437132577766376,0.28464534018096815,-0.08067845579101607,-0.4520412178797339,-0.4976970511384887,-7.720567749223779,-0.21389022681131079,-0.15805976135343844,-0.20313670947595747,-0.7178447047217333,-0.25799253746398315,-0.628439067822601
7,d+12,0.1825493708275965,-0.8566149336636764,1.5479233616664376,-0.5414175911065359,1.5230450796821413,-0.31112143690805333,-0.989875713892153,-0.5670700894160616,-0.14628142400108626,-0.6330505400735581,-0.6972743053067526,0.4483583945757194,0.054040157482933844,-0.9986867152329602,0.9191647602150409,-0.9438039588619658,-0.9092522142015221,-1.5139633267839077,-0.5022284344618851,0.12414202447538933,-0.10999441154193207,-0.6578707064748126,-1.782816967987466,0.2506604959594394,-0.7871196766218449,1.5068908223315292,0.22311885299480347,-0.014025825001661623,-0.3155377302053827,-0.2977098391022935,-1.2224644849800455,-0.2920859519371997,-0.2065574239362116,-0.07818035019200623,-0.7268517654099111,-0.17709128809117472,-0.5886820149223031
7,d+13,-0.06317167825201611,-0.7769134714813216,1.9001899702875344,-0.6130596154746559,0.5063559816699776,-0.37946258001094996,,-0.6330886800263191,-0.11366540763973872,-0.6319181247959956,-0.7938215494993831,0.3721582212384376,-0.09613433738920579,-0.9988798168683285,0.5110431958817572,-0.8564086834936973,-0.9147965202664701,-0.15602902584138467,-0.4961023576670992,-0.1312622544854641,-0.2752482402701675,-0.8697229675802411,0.48266743132635564,0.6000748744042925,-0.8023957314859367,1.5466969352683397,0.15019858192027927,0.13065869159891969,-0.6165824694374928,-0.24621402505970502,0.236842232398378,-0.1558727585201036,-0.4228155602442518,-0.3748461813348717,-0.7228290361858698,-0.10641352981457095,-0.6161928317044907
7,d+14,0.043455200796010666,-0.8302957902462907,1.6657054031013196,-0.5923950489921378,-0.7098618973288137,-0.6597676330412793,-0.9944497820516168,-0.6236271439133794,0.03645683744280324,-0.629695678333279,-0.6376340455636015,0.391719293507113,-0.20355546104390612,-0.9987058774457155,0.6564537093928329,-0.9532077143745563,-0.9250587464092157,-0.8455081213668656,-0.5172406515271107,0.34431850568351446,-0.13247887075757667,-0.663007954775166,0.19513171856960185,0.8209485933576809,-0.7194149838806136,1.2826201580263226,0.21781876016848975,0.05070317008682176,-0.5318171942928546,-0.5368837953171386,-6.725609774381026,-0.34603297745096717,-0.6410762219260685,-0.05788138048570683,-0.7198018897039548,-0.29265918015244274,-0.6008430282238806
7,d+22 ~ 28 평균,-0.01142881323995847,-0.7881359698599603,1.238703823141983,-0.586484008782292,-0.15339517071148012,-0.42834072701048137,-0.99345578742407,-0.600118459075619,-0.19934956225681205,-0.6335753131244476,-0.7704129459131227,0.3123246340886743,-0.446435824621506,-0.9990474201209498,0.6270763929290956,-0.9253377419039356,-0.9255176083493444,-0.8073191746289763,-0.5251919435011109,-0.19187351799870203,-0.10311952906969563,-0.7066159540037134,-1.0761051160004735,0.025047623483309002,-0.7628445611635358,1.4099162456027743,-0.044175080992805475,-0.22880393398200435,-0.4349376643742246,-0.4446278058890332,0.9351475319465234,-0.1976961759656913,-0.31386550191784285,-0.2433931560737983,-0.7141974279689948,-0.18585345672429476,-0.602598125986357
8,d+1,-0.31049899991076463,-0.6082902594972072,0.9177665215993327,0.5497625182852972,-0.9212027984292556,-0.6761503426242432,-0.9850117359025693,-0.995391859026597,-0.03362670656576404,-0.5987034377279177,-0.5398066063651172,-0.9746262420114853,0.1954102382830926,-0.9989490970731378,0.41329743648097034,-0.8861249153293844,,-1.1036155884389542,-0.36839489768702943,-0.4926947587394517,0.44698495487910794,-0.741564940620845,-0.9002483770811167,-0.4200651059296867,-0.6615781632388604,-0.32039090263942804,-0.4565879509192335,-0.24922019488743022,-0.013477737007283717,-0.4193617769370891,0.13607928247927015,0.06829683841334026,-0.5976290736663448,0.10955529620429749,-0.4178132470059373,-0.43077551284897775,-0.7016599347549671
8,d+2,-0.21562363780010838,-0.6207469929109469,0.8716021531645236,0.4490043114030075,-0.9172832550010735,-0.6751551943321084,,-0.9984059646402148,-0.20602519316358156,-0.5962819781615732,-0.5557687805659394,-0.9679527104340506,-0.04935486438481864,-0.9985375994720516,-0.13509986225277273,-0.9680452787575748,-0.5912724522635725,-0.641385223274417,-1.155929812743374,-0.4555493175843641,0.7797412843656032,-0.7622743422611988,-0.8998338739785293,-0.4079777251794959,-0.6776856097620991,-0.3090505342878229,-0.37812736995782903,-0.3090060695737028,-0.05674235629791347,-0.4219273875688118,0.19333212896910434,-0.00036863385338291316,-0.6235349336857073,0.12229334457263476,-0.41581783191450516,-0.4057046090570347,-0.699132442312829
8,d+3,,,,,,,-0.9851014374374374,,,,,,,,,,,,,,,,,,,,,,,,,,,,,,
8,d+4,-0.27020673102185705,-0.7023333577054105,0.9080635039088361,0.5802747400984634,-0.9149592391794596,-0.677933427069568,,-0.9941437119734715,-0.0906837755975804,-0.5992565986724454,-0.6382033094339874,-0.9672482021811387,0.1271783376970863,-0.9990375188593325,0.26320078870580105,-0.981001166116619,-0.5816130037174908,-1.0891230685405362,-0.1384562586206323,-0.33557432442642504,0.5810499011892657,-0.7634266115796582,-0.9052242039778927,-0.37959107055490154,-0.6909970107255379,-0.29996168274210916,-0.3917641896777906,-0.23763245535036612,-0.10325648409529091,-0.42602071518677226,0.16678207919044324,0.07416925096559279,-0.6114231380402627,0.05454173145470266,-0.41357864430675756,-0.388058577790033,-0.6860687460395101
8,d+5,-0.21613468728594776,-0.6177439239296344,0.7878163705154181,0.5135451671858794,-0.9143599596361972,-0.6812128280782168,,-0.9940637370330059,-0.061459886586345054,-0.5952349829392315,-0.5969622277661993,-0.9716177890668839,0.1826315722023379,-0.9988562753432375,0.3165515215132836,-0.9694038741920911,-0.6056644779693379,-0.9140102784898059,-0.2028947891375506,-0.19605014195596437,0.22824459358144125,-0.7463555238408884,-0.9020554934265922,-0.3942089452076058,-0.689641588222067,-0.27306219695735223,-0.4489469724142826,-0.2237531482829512,-0.024804157680751657,-0.43008031986108813,0.20859496163181754,0.06712650161868193,-0.6075263020952701,0.09663943936451923,-0.41041259634301297,-0.38124347823251514,-0.6767779067327988
8,d+6,-0.2518233444115797,-0.6255865814041115,0.8540156248072339,0.5463743883917872,-0.9159713145448355,-0.6732789570920626,,-0.9946925305155471,-0.05165370173181003,-0.5958191533688495,-0.6293859062785532,-0.9670143540932877,0.2585233873822881,-0.9987911788436964,0.18025845228632048,-0.9332743508341939,,-1.2873114959648486,-0.023289591591258183,-0.28716238650027787,0.5193026366940858,-0.7638418451123248,-0.9018796722601463,-0.42361905006080136,-0.6857641395115748,-0.3607256253024107,-0.4430069016574928,-0.23749601989834204,0.046322282541335476,-0.4192140337255349,0.21510299267940275,0.041738990555222004,-0.6172041542989755,0.13202732351990548,-0.4210437248414916,-0.39607937960277784,-0.7149156221152924
8,d+7,-0.29057840261201606,-0.6124545309403002,0.8510208879580025,0.5241530977100002,-0.9185191657877381,-0.6746737547766476,-0.9850292008675342,-0.993930338287292,-0.05303081276108559,-0.59180624991137,-0.6542863881013409,-0.9670897214335885,0.2974341844308596,-0.9989658411518476,0.1649690830136248,-0.9255149143053332,-0.6248377728934545,-1.5267521650623284,-0.60041339198877,-0.2876267396510942,0.38352497017688647,-0.7312187709002561,-0.9020064246469962,-0.4082078997579386,-0.6551161480209765,-0.264176721397419,-0.45093935226824916,-0.2645353477340078,0.045812393270488715,-0.41578391755742655,-0.3538673127635945,0.08501685976775018,-0.6379910096503866,0.025147215808107443,-0.4064479488172188,-0.40190345673878086,-0.7128220249132972
8,d+8,-0.3314898388259733,-0.6201499862953341,0.8993500095530206,0.5825482588588426,-0.9185159197253228,-0.662298774937081,-0.9854059320987655,-0.994753354078439,-0.10170191050396525,-0.5988842654446288,-0.5484811644111118,-0.9730558219612758,0.14302881505873585,-0.9994504562649842,0.26059765770576404,-0.9994352222376808,-0.566183668807554,-0.6042818926004475,-0.27897360888825784,-0.602605426127132,0.4711672740690116,-0.7410127826730277,-0.9010834240964563,-0.3898934349385106,-0.6399742578510168,-0.2788891544642719,-0.43516893240643784,-0.2555524494519529,-0.020037132341625546,-0.41669738416987134,0.2341300701291316,0.08662387658160657,-0.6087696318577308,0.11053084379403637,-0.41027848865941446,-0.4290674974760513,-0.7058692590069663
8,d+9,-0.2426202039479351,-0.6206413143596649,0.832355205057516,0.4919863082574014,-0.9156604949092538,-0.6781174462757998,-0.9851666800133467,-0.9988195942198698,-0.22134143819174917,-0.5973249692110172,-0.5432790976159145,-0.9700565886525595,-0.1508256267231727,-0.999481231954629,0.2413976671717264,-0.921429240626591,-0.6683460151722963,-1.0193603345756055,-0.29767784732382724,-0.4256208192761789,0.7779752964900541,-0.760430290932247,-0.9061994671730202,-0.4467330862865555,-0.6890206274264536,-0.2983770257477602,-0.38593769725330995,-0.33752313091066727,-0.06988680461479041,-0.41879052573212666,0.561479928661393,-0.0119322065462961,-0.6236219516782742,0.13699147262257816,-0.4085781561061596,-0.40335563817100584,-0.7070721847848318
8,d+10,,,,,,,-0.9852813191524858,,,,,,,,,,,,,,,,,,,,,,,,,,,,,,
8,d+11,-0.3110845444626958,-0.6902242526632244,0.9325111483126161,0.6084769693316086,-0.9146870535485835,-0.6734788597331698,-0.9853507123790457,-0.9940290739882847,-0.10420259637938975,-0.6038608215622966,-0.5410874412803716,-0.9648405047551568,0.20780391725249175,-0.9989212652966407,0.06435457773819296,-0.927815869408317,-0.6468276067478961,-0.9787875079691223,-0.49114796703814656,-0.45314018321125465,0.5893438705913415,-0.7550718960769623,-0.903611885863576,-0.3553606303314403,-0.6725779489212472,-0.30365350502794963,-0.3756317787938083,-0.2598043434795323,-0.12379101293576501,-0.42128945383259125,0.3009072116536049,0.050560166118932576,-0.6173257794082276,0.12006123674543503,-0.4031755730260698,-0.3877865357788851,-0.7137011734281572
8,d+12,-0.20240636736435058,-0.6235903348400048,0.8203633044213063,0.497311245965756,-0.9144389532611814,-0.6706766372930905,-0.9846505105105106,-0.9938115658737574,-0.07224406268014524,-0.5966597325641123,-0.5602932837179684,-0.9698088643011945,0.2296965467738426,-0.9987538380630178,0.38993073559186914,-0.9824358930773699,-0.67095562511211,-1.495398138002082,-0.197323838084679,-0.4108317912053431,0.2211535639121342,-0.7491347629498155,-0.8997560317793586,-0.40687626393863363,-0.6721044744253651,-0.22236055119710568,-0.41934736428359737,-0.2510136454513529,-0.017108721017257352,-0.4195863002375257,0.10508024679695974,0.06408225222426027,-0.6181718818690781,0.12158488600428244,-0.4223195446846913,-0.37125622284958004,-0.70623031627055
8,d+13,-0.2510048569544368,-0.6052784276174474,0.8559601078079533,0.5288276976157688,-0.911607111857942,-0.6748732763538864,,-0.9941982076675506,-0.04225494781515708,-0.5950706564373164,-0.5665430263012373,-0.9604834385243999,0.27307236173648014,-0.9989370701494658,0.31784590759668435,-0.9331711963412747,-0.6767885218439287,-0.7933854181335891,-0.7471637228198914,-0.4041987343139823,0.527135754510724,-0.759556192014237,-0.9033916853924077,-0.40968751330074094,-0.6576927784487522,-0.30877758779163716,-0.4749772408096388,-0.2510805470146488,0.01870830143665307,-0.4175248524446555,0.2570484280933855,0.014989434005296306,-0.6333242374219811,0.09549916022266748,-0.41442042528798345,-0.40382964713185826,-0.6933034256917355
8,d+14,-0.2600854638669765,-0.6143528279752996,0.8784758969920247,0.517989022190546,-0.913608023566233,-0.6704214457489062,-0.9850173089756423,-0.9944349613916366,-0.031013358463636276,-0.5926918760517337,-0.5271951086786836,-0.9655317340361566,0.3017703929745429,-0.9987720208827409,0.035178752962354884,-0.9231332912271516,-0.6456785297366855,-1.184192785560341,-0.6055973943401457,-0.49959922974794146,0.3974523483761798,-0.7289727495243011,-0.9007487180586808,-0.3896909944909256,-0.6814692230658111,-0.2195616824606377,-0.4847992577960384,-0.26526297647992675,0.03287077092205947,-0.41740970163680113,-0.552249596642735,0.0722305155612102,-0.644851137187926,0.05484781603768317,-0.4085401370627235,-0.3801703874627575,-0.7032938649699823
8,d+22 ~ 28 평균,-0.35370950825884795,-0.6600490309812662,0.6331040605211623,0.3185201650176841,-0.9116937825618535,-0.6704756508469553,-0.9853256774870108,-0.994840181871752,-0.199019311065241,-0.5969914670571639,-0.5886574846341276,-0.9653815962191827,0.0722381219911453,-0.9990961070919271,0.2369143455395816,-0.9589462523010225,-0.7116153546392222,-0.9002420662122363,-0.25056224092915785,-0.5156420817633095,0.5259849100051396,-0.7379050615506966,-0.8992002637135333,-0.47913632989834587,-0.7078109230631962,-0.2893998574103535,-0.4126054834126989,-0.3532645744941086,-0.11584665691626662,-0.4232778761991545,0.06642727541553851,-0.10796667731789168,-0.6340664385975305,0.011899877879070913,-0.3962463853933715,-0.47440622475105376,-0.7064580097951755
9,d+1,-0.3747409195979069,-0.32722049295922906,0.35525381222984925,-0.13659343216965542,-0.9978968420165324,-0.5985118581476025,-0.8846391876267581,,-0.2380467738965668,-0.5598165679969763,-0.3731419590741149,-0.9957288702209677,0.04008454869774589,-0.8741163912219551,0.308982216369822,-0.7035117309041744,,-1.1060275694819053,-0.858466571149,0.5380357060464817,0.02518189941061785,-0.7734374003770388,-0.6388591680330729,0.24007365500358874,-0.09676175005632677,-0.15731507241892556,-0.3478040210262264,0.07439778713066052,-0.41520651850697615,-0.5329978143319958,0.6029193428653918,0.018899422663167253,0.05258833185206809,-0.5185409348815381,0.056269386612321635,-0.21275102669810744,-0.534888114593159
9,d+2,-0.3783030167882579,-0.27145313625928325,0.3013576990254793,-0.2263365555609558,-0.9835353937155019,-0.5972789670931422,,,-0.26330167967228973,-0.5571476215522584,-0.3888832613835401,-0.9954261146583814,0.048442461866736286,-0.9099208166890396,-0.21983852062685677,-0.35805350606465847,0.14432873431314908,0.5643123409599595,-0.6389384951604897,0.5942048573766208,0.49205599662517013,-0.7975725983363879,-0.6373894013567707,0.34185603927049624,0.01623676166378186,-0.27380120455244994,-0.4300434690853233,0.07709979446880365,-0.48687220097480866,-0.5350162174012907,-0.8289417749745863,-0.029606684100695422,-0.1772341091581147,-0.47749606622505925,0.059695326938554075,-0.20434940215477881,-0.5297868644970686
9,d+3,,,,,,,-0.8458801954152377,,,,,,,,,,,,,,,,,,,,,,,,,,,,,,
9,d+4,-0.3669884686777451,-0.5045130861690741,0.3462219704643903,-0.16921135620184266,-0.9794884742278358,-0.6007227643641051,,,-0.3288676412127636,-0.5603627679291276,-0.4451196388104414,-0.995747007941197,-0.08395269320290262,-0.8981310446327129,0.20446346118943723,-0.3941386067953675,-0.09344259968912896,-1.5035857278389355,-1.0892856278338658,0.50321439618245,0.24883001158017304,-0.7487542402481012,-0.6517480236057634,0.25090502895520383,-0.25025567866361886,-0.15321652309388387,-0.2499114354789568,0.053574890027277326,-0.39281335610376394,-0.5382669938615987,0.5854196043741877,0.005973430251067741,-0.004041881048749451,-0.41533993182940543,0.06437078486622685,-0.17705670687387765,-0.5523255595182284
9,d+5,-0.3151680520699284,-0.3175654570303999,0.21736270845031785,-0.17547688113790275,-0.9921833227427822,-0.6047891471871896,,,-0.27855118277816077,-0.555965771539903,-0.4342426128624969,-0.9963881717930279,-0.10149139221764143,-0.8299632277911088,0.24556639282173773,-0.5404360119537862,0.15121025447697425,-0.8237571092041454,-0.9513732822165356,0.4565523220385592,0.19558692390881563,-0.796174556982696,-0.6392984354177218,0.28124976853688455,-0.043127673753219915,-0.1577559204978039,-0.26020305641009167,0.07471532463602791,-0.4169759523784918,-0.5416291354643396,-1.6637298305503536,0.009920439109790508,0.031004704837164467,-0.43429093945103997,0.06986898224327039,-0.16906327808476523,-0.548473792889536
9,d+6,-0.32817935019432726,-0.3457863254371782,0.2897035440322302,-0.12259698849801187,-0.9865856125019478,-0.5949532597070122,,,-0.2792304945364584,-0.556630439381731,-0.4333249113655998,-0.9950872142557989,0.01292142113188313,-0.7889450546861428,0.02050404561229072,-0.3531676402420761,,-1.4680899723251113,-0.899857080536622,0.3924764815684302,0.4370192919555186,-0.7964726211763092,-0.6418056880274964,0.18360880046973058,-0.20552621281588604,-0.23092213589564015,-0.45955739193777184,0.024705931169925123,-0.4016514774430501,-0.5328343275481462,-0.504837283881366,-0.08862644685133175,-0.03365617906088323,-0.49465126434093654,0.05060863620745315,-0.2351041130662346,-0.53402471490048
9,d+7,-0.3659668848216618,-0.31455443510479414,0.25356958580316435,-0.13193642851679574,-0.9897544309640004,-0.596681828052631,-0.8467987101246383,,-0.24479330697009824,-0.552233619810282,-0.4291984814280757,-0.9956691961557799,0.105206239226119,-0.8850696633678741,0.16038093729090958,-0.46091516316876485,-0.10404475405102664,-1.8162111105589571,-1.1934174995987346,0.6104325460826799,0.18513852750973545,-0.7497209419516091,-0.6367300648803794,0.21750477935957907,-0.08932128839020857,-0.14034607153853335,-0.26641095991173563,0.04018012116515964,-0.3906800723947846,-0.5300683722877583,-2.1949130070885374,0.017953590889520074,0.015560460881495602,-0.46220249467192837,0.07695055432318593,-0.22372419825126189,-0.5441945021366076
9,d+8,-0.30347738852420525,-0.34308208310526117,0.3084805306188922,-0.1087082230207582,-0.9968603595573521,-0.5813410407204589,-0.8358677093876709,,-0.2897648597439332,-0.5600223642413978,-0.38698318889680317,-0.9959880981938892,0.021174191618273996,-0.7626956094653488,0.2703275275928416,-0.5639679152546951,0.14602661316263985,0.2532667214893528,-0.8704755238516056,0.5585831413489447,0.003170180373893902,-0.7627307178724129,-0.6367768450038657,0.2785070257452568,-0.104966555044253,-0.16319769245760268,-0.36616439618828156,0.012579773092719465,-0.42075810938318,-0.5307078893526818,-1.140476435351328,-0.000974846948128009,0.016301053654561557,-0.47025892936887426,0.06988441419497125,-0.22773316805042595,-0.5333381617382439
9,d+9,-0.34876639160605916,-0.2721765481601723,0.3102821394554366,-0.1662280207048792,-0.987759191806949,-0.6009507235981076,-0.8895215803479377,,-0.3037780282376073,-0.5582481157414013,-0.37722535019562,-0.9945984211086379,0.005349121204729188,-0.6437930248736583,0.17245078017258836,-0.6816443994942916,-0.00917462000833779,-1.1228930898865015,-1.0430663124075017,0.5312535737772783,0.48343130560269637,-0.7926664378082635,-0.6509909753995796,0.2781786780459496,-0.05484671549939596,-0.22871583464738132,-0.3696761137975825,0.019656063341230302,-0.5047623524631881,-0.5323918242921278,-0.24252005424556325,-0.045199554659413624,-0.1965330725409301,-0.46337524789711576,0.07316036347845228,-0.2067020767163861,-0.531237088755537
9,d+10,,,,,,,-0.8398608967510407,,,,,,,,,,,,,,,,,,,,,,,,,,,,,,
9,d+11,-0.34074820082325913,-0.48582828680118173,0.37976324102784875,-0.15134569694632405,-0.9944137126882733,-0.5952003092296739,-0.8042902302056768,,-0.33964808224071086,-0.5654609352076394,-0.3856984335056868,-0.994808122567331,-0.0746283946752537,-0.7784368452647009,0.13136774611843902,-0.3796619116416667,0.028678444659358468,-0.7234010745104033,-0.6732756101402237,0.44138774016739935,0.20734531493184835,-0.7392192646375874,-0.6438212835645447,0.3111789483375262,-0.18974423347368818,-0.19781263231906576,-0.3156651598070959,0.010073003918887786,-0.40046026315558636,-0.5344130874483838,-0.808587006932976,-0.026095115579007438,-0.009949763959300889,-0.4268826782466827,0.08360149026310633,-0.15578854154625707,-0.5719144975920579
9,d+12,-0.3572108241890716,-0.32355409832123966,0.2700902423950924,-0.15185169055455433,-0.9798442386574892,-0.5917256604956116,-0.8231111652656642,,-0.30588710079868536,-0.557529690384175,-0.3919471176978567,-0.996023376062734,-0.12510490615063918,-0.525739339602658,0.39580796098400495,-0.2378156555262315,-0.060535183834274954,-1.8080057755067194,-0.8123976795717085,0.5614512104002077,0.221384809889868,-0.7849197694205652,-0.6394470382515494,0.30095198112490334,-0.1086025101958265,-0.18248798324608004,-0.33153540589708635,0.06804738684980138,-0.41432160524629313,-0.5330223964958474,0.5779499104798476,0.007342169953865609,0.028022513602362922,-0.42673069421021864,0.04877858552053315,-0.13864091559011935,-0.5345869577555723
9,d+13,-0.35489583376157957,-0.3068134106977828,0.29248376775071927,-0.12608913476526815,-0.9697754250828109,-0.5969284667989797,,,-0.247242373376374,-0.5557654762929457,-0.3735654040540595,-0.9952753901792859,-0.04150586759423895,-0.7458775923932647,0.12073408800789788,-0.39194162085286843,0.021933876470926584,0.48729991534601047,-0.6453317574374546,0.4790024456213628,0.43727370897702794,-0.7882457454710178,-0.6443457069748472,0.27855280244081176,-0.16988055753246786,-0.2369891150310861,-0.42265672758626344,0.03988512997710071,-0.4161979081640492,-0.5314923147895522,-0.04051839552128172,-0.0954173693272664,-0.0667345165222246,-0.4989271317076271,0.0627553229954891,-0.23336420873501976,-0.533386159716942
9,d+14,-0.3881910216042584,-0.31793326437732106,0.3021840926347557,-0.1311043875270791,-1.001362637577624,-0.5914092330156361,-0.8154562679211674,,-0.2138129092256711,-0.5531598207886959,-0.36800089016162785,-0.9952180907633762,0.09951959432249516,-0.6808216320541758,-0.06546757444118922,-0.6916813710143171,-0.24350921926747804,-1.3813954844661105,-0.8836349898209475,0.6001042022487985,0.20163045533368304,-0.7441027189768146,-0.6361929237568522,0.3566180829699371,-0.17660604733536356,-0.14430724224902566,-0.3051125036500544,0.07418255638242054,-0.4046502979961817,-0.5313684722139184,-0.5254306291455543,-0.011555971091907752,0.011101039290656254,-0.44282734058898204,0.07312098377243521,-0.21408922610050954,-0.5333758318537848
9,d+22 ~ 28 평균,-0.46120594687625915,-0.3931365363301467,0.1413141450530199,-0.2623258400369685,-0.9864954562632777,-0.5914774373263406,-0.84786727500566,,-0.36536720017375135,-0.5578786872754692,-0.4007028558411532,-0.9952589525784745,-0.1340289969390428,-0.8488709631693752,0.19850715119644216,-0.4812026876274683,-0.2066839644435303,-0.5728067931317308,-0.8317296012210226,0.4833050947024387,0.2184973771534776,-0.7409337284986192,-0.633271755291316,0.22668662802164607,-0.2392152194188073,-0.29826496708107914,-0.3605375976040045,-0.15143953538099278,-0.4968551331934613,-0.5360766302340142,-0.3839564178124559,-0.19166833815333204,-0.10364539530568481,-0.5287967794424961,0.09570161234670697,-0.3077824284960585,-0.5386997950569026
